Культура,Територіальний розріз,2019,2020,2021,2022,2023
Пшениця,Вінницька,0.2709,0.2852,0.2566,0.3118,0.2967
Пшениця,Волинська,0.2013,0.2188,0.2286,0.2445,0.211
Пшениця,Дніпропетровська,0.284,0.3,0.3019,0.3139,0.258
Пшениця,Донецька,0.2896,0.2773,0.2926,0.1791,0.1105
Пшениця,Житомирська,0.1909,0.2072,0.2019,0.2189,0.1667
Пшениця,Закарпатська,0.0184,0.0146,0.0109,0.0327,0.0
Пшениця,Запорізька,0.2908,0.2988,0.3026,0.1939,0.1282
Пшениця,Івано-Франківська,0.1252,0.1446,0.1071,0.1416,0.1125
Пшениця,Київська,0.216,0.2136,0.2282,0.2352,0.2259
Пшениця,Кіровоградська,0.2464,0.2773,0.2748,0.271,0.2523
Пшениця,Луганська,0.2545,0.2552,0.2568,0.0224,
Пшениця,Львівська,0.1803,0.2128,0.1952,0.2284,0.2069
Пшениця,Миколаївська,0.2672,0.2838,0.3057,0.2821,0.2389
Пшениця,Одеська,0.3021,0.2974,0.2868,0.294,0.259
Пшениця,Полтавська,0.2083,0.2211,0.2254,0.2368,0.2018
Пшениця,Рівненська,0.1766,0.1855,0.1647,0.162,0.1503
Пшениця,Сумська,0.2289,0.2339,0.2225,0.2605,0.2397
Пшениця,Тернопільська,0.2547,0.2532,0.233,0.2761,0.2662
Пшениця,Харківська,0.2897,0.3016,0.3038,0.2552,0.1978
Пшениця,Херсонська,0.2318,0.2736,0.2507,0.0943,0.0072
Пшениця,Хмельницька,0.2513,0.2552,0.2378,0.2696,0.261
Пшениця,Черкаська,0.2149,0.2094,0.2225,0.2657,0.2229
Пшениця,Чернівецька,0.0814,0.0955,0.0796,0.0988,0.0855
Пшениця,Чернігівська,0.2334,0.2316,0.2444,0.231,0.2421
Пшениця,Вінницька,1.0,1.0,0.9695,1.0,0.9992
Пшениця,Волинська,0.9335,0.9363,0.9246,0.9484,0.9356
Пшениця,Дніпропетровська,0.9848,0.9904,0.9858,0.9976,0.9879
Пшениця,Донецька,0.9527,0.9503,0.9579,0.8604,0.8418
Пшениця,Житомирська,0.9329,0.9417,0.9083,0.9217,0.917
Пшениця,Закарпатська,0.6262,0.6354,0.6094,0.6648,0.5748
Пшениця,Запорізька,0.9831,0.99,1.0,0.8742,0.836
Пшениця,Івано-Франківська,0.8798,0.8675,0.8356,0.8614,0.8491
Пшениця,Київська,0.9569,0.9512,0.9525,0.9532,0.9594
Пшениця,Кіровоградська,0.9663,0.9667,0.9606,0.9872,0.9923
Пшениця,Луганська,0.9216,0.9384,0.9195,0.5546,
Пшениця,Львівська,0.9463,0.9445,0.9034,0.9207,0.924
Пшениця,Миколаївська,0.9628,0.956,0.9513,0.9595,0.9533
Пшениця,Одеська,0.9767,0.9635,0.9814,0.9942,1.0
Пшениця,Полтавська,0.9227,0.9257,0.9221,0.9604,0.9565
Пшениця,Рівненська,0.8958,0.8921,0.8931,0.9166,0.8822
Пшениця,Сумська,0.9464,0.9408,0.9296,0.9516,0.943
Пшениця,Тернопільська,0.9782,0.9582,0.9333,0.9739,0.9753
Пшениця,Харківська,0.9968,0.9992,0.9849,0.9651,0.9371
Пшениця,Херсонська,0.9564,0.9618,0.9661,0.7335,0.6678
Пшениця,Хмельницька,0.9966,0.9742,0.9505,0.992,0.9915
Пшениця,Черкаська,0.9461,0.9421,0.9372,0.9627,0.9556
Пшениця,Чернівецька,0.847,0.8043,0.7874,0.8192,0.7974
Пшениця,Чернігівська,0.9467,0.937,0.9517,0.9423,0.9761
Пшениця,Вінницька,0.3847,0.4055,0.3766,0.4326,0.4229
Пшениця,Волинська,0.4103,0.4296,0.4401,0.458,0.4401
Пшениця,Дніпропетровська,0.3581,0.381,0.3735,0.3909,0.3606
Пшениця,Донецька,0.3908,0.3815,0.3881,0.3405,0.3327
Пшениця,Житомирська,0.3683,0.3847,0.3795,0.3951,0.3643
Пшениця,Закарпатська,0.4081,0.4231,0.4394,0.4337,0.3213
Пшениця,Запорізька,0.3553,0.3656,0.3637,0.3745,0.3366
Пшениця,Івано-Франківська,0.3927,0.4124,0.4078,0.4232,0.4144
Пшениця,Київська,0.3707,0.3771,0.3775,0.3838,0.3912
Пшениця,Кіровоградська,0.3601,0.3975,0.3756,0.376,0.3753
Пшениця,Луганська,0.3753,0.3782,0.3766,0.3393,
Пшениця,Львівська,0.3665,0.4094,0.3985,0.4284,0.4233
Пшениця,Миколаївська,0.3588,0.3799,0.3914,0.3884,0.3557
Пшениця,Одеська,0.3701,0.3821,0.3506,0.3615,0.3366
Пшениця,Полтавська,0.3517,0.3694,0.3608,0.3666,0.3537
Пшениця,Рівненська,0.4089,0.4253,0.3935,0.3945,0.4124
Пшениця,Сумська,0.3806,0.3916,0.3699,0.4115,0.4077
Пшениця,Тернопільська,0.4085,0.415,0.4015,0.4362,0.4454
Пшениця,Харківська,0.3594,0.3731,0.3655,0.3615,0.3527
Пшениця,Херсонська,0.3345,0.3713,0.3457,0.3333,0.2944
Пшениця,Хмельницька,0.379,0.3911,0.3785,0.4086,0.4077
Пшениця,Черкаська,0.373,0.3771,0.3682,0.4166,0.3851
Пшениця,Чернівецька,0.3389,0.3815,0.3741,0.3871,0.395
Пшениця,Чернігівська,0.3847,0.3984,0.395,0.3921,0.3975
Пшениця,Вінницька,0.3871,0.4071,0.3814,0.4341,0.4268
Пшениця,Волинська,0.4117,0.4314,0.4407,0.4599,0.4412
Пшениця,Дніпропетровська,0.3621,0.3836,0.3746,0.3968,0.3643
Пшениця,Донецька,0.3935,0.3857,0.3906,0.3658,0.3473
Пшениця,Житомирська,0.3753,0.3925,0.3854,0.4066,0.3737
Пшениця,Закарпатська,0.4159,0.4263,0.4398,0.4373,0.3391
Пшениця,Запорізька,0.3588,0.3675,0.3655,0.3824,0.3415
Пшениця,Івано-Франківська,0.3944,0.416,0.4101,0.4244,0.4144
Пшениця,Київська,0.3736,0.3799,0.3795,0.3884,0.3987
Пшениця,Кіровоградська,0.3627,0.3997,0.3795,0.3803,0.38
Пшениця,Луганська,0.3769,0.3799,0.3771,0.3588,
Пшениця,Львівська,0.3695,0.4109,0.4011,0.43,0.4263
Пшениця,Миколаївська,0.3627,0.3826,0.3954,0.3985,0.3634
Пшениця,Одеська,0.3747,0.3782,0.3558,0.3707,0.3484
Пшениця,Полтавська,0.3553,0.3731,0.3626,0.3715,0.3597
Пшениця,Рівненська,0.4121,0.4287,0.395,0.3963,0.4164
Пшениця,Сумська,0.3811,0.3925,0.3699,0.4144,0.4104
Пшениця,Тернопільська,0.4092,0.4171,0.405,0.4404,0.4559
Пшениця,Харківська,0.3614,0.3766,0.3699,0.3782,0.3625
Пшениця,Херсонська,0.3456,0.3799,0.3539,0.3649,0.2965
Пшениця,Хмельницька,0.3806,0.3925,0.3809,0.4106,0.4093
Пшениця,Черкаська,0.3758,0.3777,0.3715,0.4202,0.3878
Пшениця,Чернівецька,0.3431,0.3862,0.3795,0.3915,0.4004
Пшениця,Чернігівська,0.3871,0.4006,0.3966,0.3963,0.3999
Пшениця,Вінницька,0.0317,0.0319,0.0238,0.045,0.0467
Пшениця,Волинська,0.0509,0.0491,0.0523,0.0692,0.0708
Пшениця,Дніпропетровська,0.0058,0.0084,0.008,0.0253,0.0321
Пшениця,Донецька,0.0039,0.0022,0.0065,0.0117,0.0298
Пшениця,Житомирська,0.0317,0.0326,0.0231,0.0357,0.0462
Пшениця,Закарпатська,0.0127,0.0232,0.0306,0.0517,0.0401
Пшениця,Запорізька,0.0016,0.0029,0.0097,0.0202,0.0212
Пшениця,Івано-Франківська,0.0588,0.045,0.0598,0.0648,0.0723
Пшениця,Київська,0.0317,0.0299,0.0307,0.0371,0.0477
Пшениця,Кіровоградська,0.0153,0.0152,0.0101,0.0325,0.0424
Пшениця,Луганська,0.0,0.0049,0.0012,0.0,
Пшениця,Львівська,0.0453,0.0455,0.0349,0.0466,0.057
Пшениця,Миколаївська,0.0042,0.0014,0.0,0.0223,0.0251
Пшениця,Одеська,0.0005,0.0,0.003,0.0209,0.027
Пшениця,Полтавська,0.0097,0.0104,0.0088,0.0322,0.0406
Пшениця,Рівненська,0.0426,0.0408,0.0455,0.065,0.0627
Пшениця,Сумська,0.0241,0.0213,0.0179,0.0372,0.0413
Пшениця,Тернопільська,0.0426,0.0321,0.0308,0.0522,0.0627
Пшениця,Харківська,0.0087,0.0081,0.0037,0.0246,0.034
Пшениця,Херсонська,0.0063,0.004,0.01,0.0058,0.027
Пшениця,Хмельницька,0.038,0.0268,0.025,0.0507,0.0541
Пшениця,Черкаська,0.0277,0.0276,0.0208,0.042,0.0447
Пшениця,Чернівецька,0.0385,0.0261,0.0305,0.0507,0.0526
Пшениця,Чернігівська,0.0241,0.0241,0.0311,0.0379,0.051
Пшениця,Вінницька,0.035,0.0344,0.028,0.0471,0.0485
Пшениця,Волинська,0.0544,0.0508,0.0533,0.0705,0.0716
Пшениця,Дніпропетровська,0.0093,0.0109,0.0102,0.0285,0.0338
Пшениця,Донецька,0.0061,0.0055,0.0091,0.0219,0.0337
Пшениця,Житомирська,0.038,0.0397,0.0275,0.0426,0.0504
Пшениця,Закарпатська,0.0178,0.0268,0.0324,0.0638,0.0404
Пшениця,Запорізька,0.0035,0.0044,0.0112,0.024,0.0225
Пшениця,Івано-Франківська,0.0605,0.0469,0.0619,0.066,0.0726
Пшениця,Київська,0.035,0.0329,0.033,0.0396,0.0503
Пшениця,Кіровоградська,0.0177,0.0176,0.0132,0.036,0.0447
Пшениця,Луганська,0.0016,0.0065,0.0021,0.0032,
Пшениця,Львівська,0.0475,0.0473,0.0372,0.0476,0.0578
Пшениця,Миколаївська,0.0082,0.0036,0.0038,0.0267,0.0281
Пшениця,Одеська,0.0053,0.0018,0.0067,0.0254,0.0315
Пшениця,Полтавська,0.0128,0.0126,0.0105,0.0346,0.043
Пшениця,Рівненська,0.0459,0.0431,0.0472,0.0667,0.0641
Пшениця,Сумська,0.0259,0.0228,0.0191,0.0393,0.0421
Пшениця,Тернопільська,0.0446,0.0377,0.0337,0.0546,0.0693
Пшениця,Харківська,0.0109,0.0104,0.0067,0.032,0.0373
Пшениця,Херсонська,0.0124,0.0082,0.0143,0.0247,0.0283
Пшениця,Хмельницька,0.0406,0.0286,0.0271,0.0524,0.0549
Пшениця,Черкаська,0.0301,0.0293,0.0228,0.0443,0.0457
Пшениця,Чернівецька,0.0433,0.0291,0.0347,0.0533,0.0543
Пшениця,Чернігівська,0.0274,0.0266,0.0335,0.0415,0.0527
Кукурудза,Вінницька,0.269,0.2763,0.2481,0.3117,0.2722
Кукурудза,Волинська,0.116,0.1539,0.1626,0.1961,0.1479
Кукурудза,Дніпропетровська,0.1573,0.1688,0.1449,0.1628,0.1271
Кукурудза,Донецька,0.0246,0.0384,0.0431,0.0,
Кукурудза,Житомирська,0.2171,0.2228,0.2315,0.2243,0.2245
Кукурудза,Закарпатська,0.0432,0.0262,0.0356,0.0255,0.0337
Кукурудза,Запорізька,0.0726,0.0835,0.0946,0.0058,0.0
Кукурудза,Івано-Франківська,0.0863,0.1038,0.1316,0.1236,0.1184
Кукурудза,Київська,0.2545,0.2623,0.2699,0.2691,0.2228
Кукурудза,Кіровоградська,0.2278,0.2497,0.2099,0.2167,0.1771
Кукурудза,Луганська,0.0687,0.0662,0.0691,,
Кукурудза,Львівська,0.1127,0.136,0.1677,0.1779,0.1627
Кукурудза,Миколаївська,0.0993,0.0787,0.0946,0.1039,0.0572
Кукурудза,Одеська,0.1232,0.1368,0.1518,0.1296,0.0989
Кукурудза,Полтавська,0.2799,0.2811,0.2691,0.2631,0.2288
Кукурудза,Рівненська,0.1436,0.1652,0.1863,0.1686,0.1565
Кукурудза,Сумська,0.2892,0.2879,0.2748,0.2902,0.2391
Кукурудза,Тернопільська,0.1756,0.2082,0.2216,0.2361,0.2061
Кукурудза,Харківська,0.1932,0.1927,0.1819,0.1574,0.1402
Кукурудза,Херсонська,0.0863,0.1345,0.1135,,
Кукурудза,Хмельницька,0.2072,0.2542,0.2574,0.2521,0.2362
Кукурудза,Черкаська,0.261,0.2673,0.2428,0.2893,0.2492
Кукурудза,Чернівецька,0.0133,0.0295,0.0563,0.0729,0.0375
Кукурудза,Чернігівська,0.3102,0.3187,0.308,0.2872,0.3697
Кукурудза,Вінницька,0.9585,0.9432,0.9238,0.9869,0.9786
Кукурудза,Волинська,0.7957,0.7818,0.7942,0.8583,0.8249
Кукурудза,Дніпропетровська,0.8816,0.8606,0.8382,0.8934,0.8812
Кукурудза,Донецька,0.7484,0.7329,0.6817,0.6015,
Кукурудза,Житомирська,0.9212,0.9093,0.8971,0.9326,0.9424
Кукурудза,Закарпатська,0.7522,0.6883,0.7334,0.7401,0.672
Кукурудза,Запорізька,0.7609,0.7423,0.7506,0.6747,0.654
Кукурудза,Івано-Франківська,0.7617,0.7634,0.8057,0.8215,0.8382
Кукурудза,Київська,0.9605,0.9474,0.9338,0.9898,0.966
Кукурудза,Кіровоградська,0.93,0.9113,0.8907,0.9549,0.9448
Кукурудза,Луганська,0.7707,0.7441,0.7261,,
Кукурудза,Львівська,0.8351,0.8472,0.8598,0.9085,0.8917
Кукурудза,Миколаївська,0.7703,0.7707,0.7642,0.7916,0.7774
Кукурудза,Одеська,0.7828,0.773,0.7641,0.8312,0.8284
Кукурудза,Полтавська,0.9923,0.9755,0.9548,0.9986,0.9927
Кукурудза,Рівненська,0.8593,0.8557,0.8688,0.8862,0.8705
Кукурудза,Сумська,0.9914,0.9847,0.9722,0.9859,0.9803
Кукурудза,Тернопільська,0.8688,0.8793,0.8876,0.9122,0.9045
Кукурудза,Харківська,0.9109,0.8916,0.8693,0.8917,0.9095
Кукурудза,Херсонська,0.7544,0.7368,0.7463,,
Кукурудза,Хмельницька,0.9301,0.9506,0.9244,0.9851,0.9482
Кукурудза,Черкаська,0.966,0.9592,0.9333,0.9889,0.9853
Кукурудза,Чернівецька,0.693,0.6822,0.7059,0.7798,0.723
Кукурудза,Чернігівська,1.0,1.0,1.0,1.0,1.0
Кукурудза,Вінницька,0.3616,0.3626,0.325,0.4109,0.3859
Кукурудза,Волинська,0.3807,0.4034,0.387,0.4319,0.3832
Кукурудза,Дніпропетровська,0.3234,0.3438,0.3171,0.3468,0.3224
Кукурудза,Донецька,0.2903,0.3128,0.3239,0.3245,
Кукурудза,Житомирська,0.347,0.3452,0.3439,0.3749,0.3689
Кукурудза,Закарпатська,0.3527,0.3206,0.3302,0.3206,0.3375
Кукурудза,Запорізька,0.3527,0.3599,0.3558,0.3318,0.3119
Кукурудза,Івано-Франківська,0.3501,0.3638,0.3503,0.3739,0.3689
Кукурудза,Київська,0.3464,0.3472,0.3586,0.3692,0.3451
Кукурудза,Кіровоградська,0.3283,0.35,0.32,0.3369,0.3085
Кукурудза,Луганська,0.3072,0.2932,0.3068,,
Кукурудза,Львівська,0.3373,0.3603,0.3551,0.3744,0.3741
Кукурудза,Миколаївська,0.3255,0.3089,0.3307,0.3618,0.3131
Кукурудза,Одеська,0.3196,0.3307,0.3447,0.3133,0.3012
Кукурудза,Полтавська,0.3296,0.3319,0.32,0.3344,0.3097
Кукурудза,Рівненська,0.3348,0.3664,0.3547,0.3734,0.3913
Кукурудза,Сумська,0.3663,0.357,0.3387,0.3951,0.3501
Кукурудза,Тернопільська,0.3659,0.3755,0.3655,0.4131,0.3925
Кукурудза,Харківська,0.3296,0.3277,0.3095,0.3446,0.3141
Кукурудза,Херсонська,0.3506,0.3992,0.348,,
Кукурудза,Хмельницька,0.342,0.3642,0.3537,0.3774,0.3836
Кукурудза,Черкаська,0.3448,0.3457,0.3271,0.3883,0.3535
Кукурудза,Чернівецька,0.3173,0.3626,0.3396,0.3708,0.348
Кукурудза,Чернігівська,0.3683,0.3731,0.36,0.3739,0.4527
Кукурудза,Вінницька,0.3663,0.3646,0.3331,0.4134,0.3949
Кукурудза,Волинська,0.3807,0.4093,0.3877,0.4348,0.3867
Кукурудза,Дніпропетровська,0.331,0.3491,0.3217,0.3576,0.3325
Кукурудза,Донецька,0.2997,0.3186,0.3312,0.3642,
Кукурудза,Житомирська,0.3517,0.35,0.3472,0.3802,0.3731
Кукурудза,Закарпатська,0.3561,0.3206,0.3336,0.3206,0.3383
Кукурудза,Запорізька,0.3616,0.3646,0.3593,0.3393,0.3325
Кукурудза,Івано-Франківська,0.3522,0.3646,0.3533,0.3754,0.3689
Кукурудза,Київська,0.3506,0.35,0.3606,0.3769,0.3501
Кукурудза,Кіровоградська,0.3348,0.3566,0.3255,0.3475,0.3204
Кукурудза,Луганська,0.3149,0.3006,0.3102,,
Кукурудза,Львівська,0.3367,0.3611,0.3629,0.3764,0.38
Кукурудза,Миколаївська,0.3336,0.315,0.336,0.3769,0.3367
Кукурудза,Одеська,0.3283,0.3402,0.3555,0.3301,0.3173
Кукурудза,Полтавська,0.3342,0.3353,0.3245,0.3439,0.3204
Кукурудза,Рівненська,0.3385,0.369,0.3579,0.3764,0.3953
Кукурудза,Сумська,0.3675,0.3591,0.3405,0.4007,0.3521
Кукурудза,Тернопільська,0.3696,0.3761,0.3661,0.4143,0.399
Кукурудза,Харківська,0.3348,0.3331,0.3182,0.3576,0.3253
Кукурудза,Херсонська,0.3611,0.4132,0.3623,,
Кукурудза,Хмельницька,0.3437,0.3664,0.3555,0.3816,0.3854
Кукурудза,Черкаська,0.347,0.3472,0.3307,0.3947,0.3598
Кукурудза,Чернівецька,0.3226,0.3595,0.3451,0.3774,0.3508
Кукурудза,Чернігівська,0.3707,0.3771,0.3623,0.3802,0.4536
Кукурудза,Вінницька,0.0296,0.0267,0.0197,0.0476,0.0521
Кукурудза,Волинська,0.0413,0.0307,0.0322,0.0548,0.0387
Кукурудза,Дніпропетровська,0.0305,0.0321,0.0276,0.0464,0.0492
Кукурудза,Донецька,0.034,0.0322,0.0126,0.0251,
Кукурудза,Житомирська,0.0306,0.0284,0.0247,0.0471,0.0494
Кукурудза,Закарпатська,0.0572,0.0259,0.0565,0.0501,0.0176
Кукурудза,Запорізька,0.0354,0.0302,0.0328,0.0482,0.0492
Кукурудза,Івано-Франківська,0.0242,0.0296,0.037,0.0469,0.0578
Кукурудза,Київська,0.0307,0.0281,0.0323,0.0503,0.0504
Кукурудза,Кіровоградська,0.0192,0.0172,0.02,0.0425,0.045
Кукурудза,Луганська,0.0179,0.0074,0.0094,,
Кукурудза,Львівська,0.0413,0.058,0.0512,0.0625,0.0624
Кукурудза,Миколаївська,0.0085,0.0198,0.0258,0.0363,0.0361
Кукурудза,Одеська,0.0,0.0,0.0,0.0176,0.0285
Кукурудза,Полтавська,0.0245,0.0245,0.0222,0.0389,0.0416
Кукурудза,Рівненська,0.0327,0.046,0.0435,0.054,0.0642
Кукурудза,Сумська,0.0398,0.0411,0.041,0.0504,0.0516
Кукурудза,Тернопільська,0.0367,0.0378,0.0385,0.0505,0.0527
Кукурудза,Харківська,0.0289,0.0263,0.0185,0.0475,0.0518
Кукурудза,Херсонська,0.0212,0.0157,0.013,,
Кукурудза,Хмельницька,0.0391,0.0461,0.0312,0.0634,0.0548
Кукурудза,Черкаська,0.0288,0.0314,0.0293,0.0486,0.0504
Кукурудза,Чернівецька,0.0289,0.0423,0.0252,0.0595,0.0461
Кукурудза,Чернігівська,0.0335,0.0415,0.0515,0.0479,0.0459
Кукурудза,Вінницька,0.0348,0.0291,0.0256,0.0501,0.0574
Кукурудза,Волинська,0.0494,0.0372,0.0336,0.057,0.0411
Кукурудза,Дніпропетровська,0.037,0.0374,0.0323,0.0526,0.0527
Кукурудза,Донецька,0.0386,0.0367,0.0187,0.0363,
Кукурудза,Житомирська,0.0353,0.0339,0.0277,0.0521,0.0521
Кукурудза,Закарпатська,0.0607,0.027,0.0619,0.0516,0.0178
Кукурудза,Запорізька,0.0394,0.0325,0.034,0.0546,0.0492
Кукурудза,Івано-Франківська,0.0255,0.0299,0.0381,0.0476,0.0581
Кукурудза,Київська,0.0339,0.0302,0.0351,0.0551,0.0532
Кукурудза,Кіровоградська,0.0229,0.021,0.0233,0.0473,0.048
Кукурудза,Луганська,0.0196,0.0099,0.0103,,
Кукурудза,Львівська,0.0417,0.0595,0.0524,0.0647,0.065
Кукурудза,Миколаївська,0.0116,0.0238,0.0308,0.0414,0.0431
Кукурудза,Одеська,0.0053,0.0053,0.0044,0.0239,0.0353
Кукурудза,Полтавська,0.0276,0.0269,0.0259,0.043,0.0465
Кукурудза,Рівненська,0.0385,0.0494,0.0471,0.0577,0.0671
Кукурудза,Сумська,0.0415,0.0424,0.0426,0.0529,0.052
Кукурудза,Тернопільська,0.039,0.0399,0.0395,0.0521,0.0569
Кукурудза,Харківська,0.0322,0.0289,0.023,0.0577,0.0559
Кукурудза,Херсонська,0.0264,0.0229,0.0208,,
Кукурудза,Хмельницька,0.0424,0.0481,0.033,0.0662,0.0564
Кукурудза,Черкаська,0.0322,0.0331,0.0318,0.0505,0.0521
Кукурудза,Чернівецька,0.0324,0.039,0.0299,0.0647,0.0497
Кукурудза,Чернігівська,0.0369,0.0436,0.0533,0.0516,0.0468
Соняшник,Вінницька,0.2276,0.2586,0.2351,0.2763,0.2409
Соняшник,Волинська,0.116,0.1314,0.1517,0.1377,0.0906
Соняшник,Дніпропетровська,0.2524,0.2758,0.2589,0.2704,0.2317
Соняшник,Донецька,0.2485,0.2166,0.2239,0.1009,0.0864
Соняшник,Житомирська,0.1615,0.1772,0.1783,0.2366,0.1443
Соняшник,Закарпатська,0.0,0.0,0.0,0.025,0.0
Соняшник,Запорізька,0.212,0.217,0.2277,0.1422,0.0945
Соняшник,Івано-Франківська,0.0878,0.0748,0.0889,0.1278,0.0583
Соняшник,Київська,0.1947,0.2079,0.2168,0.2393,0.1815
Соняшник,Кіровоградська,0.2423,0.268,0.2557,0.2354,0.1975
Соняшник,Луганська,0.2076,0.2296,0.2316,0.0,
Соняшник,Львівська,0.0838,0.104,0.1185,0.1388,0.1035
Соняшник,Миколаївська,0.2212,0.2429,0.2614,0.2251,0.1827
Соняшник,Одеська,0.224,0.225,0.2331,0.2092,0.1699
Соняшник,Полтавська,0.2179,0.2374,0.2442,0.2436,0.1861
Соняшник,Рівненська,0.0915,0.1084,0.1162,0.1422,0.0843
Соняшник,Сумська,0.2284,0.2487,0.2405,0.2776,0.2116
Соняшник,Тернопільська,0.1733,0.1914,0.1862,0.2306,0.1855
Соняшник,Харківська,0.2501,0.2561,0.2603,0.2038,0.192
Соняшник,Херсонська,0.1733,0.2079,0.1809,0.025,0.0232
Соняшник,Хмельницька,0.1721,0.2129,0.1962,0.2286,0.192
Соняшник,Черкаська,0.2064,0.2133,0.2143,0.2471,0.1936
Соняшник,Чернівецька,0.0166,0.0512,0.0693,0.0618,0.0518
Соняшник,Чернігівська,0.2307,0.2415,0.262,0.2532,0.3045
Соняшник,Вінницька,0.9418,0.9429,0.9625,0.9722,0.9573
Соняшник,Волинська,0.8219,0.8292,0.8269,0.8343,0.8072
Соняшник,Дніпропетровська,0.9939,0.988,0.9945,1.0,1.0
Соняшник,Донецька,0.9319,0.9233,0.9464,0.8373,0.8434
Соняшник,Житомирська,0.8652,0.8678,0.8684,0.8827,0.8774
Соняшник,Закарпатська,0.6389,0.6224,0.6125,0.6053,0.5792
Соняшник,Запорізька,0.9629,0.9522,0.9641,0.877,0.8594
Соняшник,Івано-Франківська,0.757,0.7464,0.7998,0.8256,0.7932
Соняшник,Київська,0.9171,0.9272,0.9313,0.9476,0.9318
Соняшник,Кіровоградська,0.9817,0.9698,0.9773,0.9847,0.9832
Соняшник,Луганська,0.9457,0.9485,0.976,0.5598,
Соняшник,Львівська,0.775,0.8016,0.8281,0.8104,0.8304
Соняшник,Миколаївська,0.9336,0.9253,0.928,0.9126,0.9055
Соняшник,Одеська,0.869,0.8577,0.9009,0.8959,0.901
Соняшник,Полтавська,0.9575,0.97,0.9731,0.99,0.9756
Соняшник,Рівненська,0.7854,0.7998,0.8194,0.8592,0.804
Соняшник,Сумська,0.9412,0.9631,0.9638,0.9834,0.9641
Соняшник,Тернопільська,0.8757,0.8797,0.8922,0.9243,0.9277
Соняшник,Харківська,1.0,1.0,1.0,0.9623,0.981
Соняшник,Херсонська,0.9042,0.882,0.9111,0.6277,0.7568
Соняшник,Хмельницька,0.9295,0.962,0.9338,0.9791,0.9804
Соняшник,Черкаська,0.9216,0.9351,0.9347,0.9482,0.9441
Соняшник,Чернівецька,0.686,0.7281,0.7519,0.7468,0.7835
Соняшник,Чернігівська,0.9536,0.955,0.9622,0.9815,0.9731
Соняшник,Вінницька,0.3447,0.3643,0.3333,0.3721,0.354
Соняшник,Волинська,0.3605,0.3612,0.4003,0.3686,0.3452
Соняшник,Дніпропетровська,0.3127,0.3346,0.3207,0.3321,0.2935
Соняшник,Донецька,0.3575,0.3183,0.3199,0.2736,0.2517
Соняшник,Житомирська,0.3315,0.3372,0.3352,0.3809,0.3068
Соняшник,Закарпатська,0.2875,0.3269,0.3424,0.3393,0.3465
Соняшник,Запорізька,0.2888,0.295,0.3025,0.3096,0.2683
Соняшник,Івано-Франківська,0.3465,0.3422,0.334,0.3569,0.3289
Соняшник,Київська,0.3336,0.3378,0.3413,0.3599,0.3101
Соняшник,Кіровоградська,0.3163,0.3372,0.3265,0.3061,0.2737
Соняшник,Луганська,0.2995,0.3157,0.31,0.3024,
Соняшник,Львівська,0.3391,0.3517,0.3469,0.3616,0.3352
Соняшник,Миколаївська,0.3108,0.3312,0.355,0.3329,0.2893
Соняшник,Одеська,0.3223,0.3215,0.3199,0.2916,0.2754
Соняшник,Полтавська,0.3189,0.3246,0.3313,0.325,0.2771
Соняшник,Рівненська,0.3453,0.3397,0.3505,0.3519,0.2865
Соняшник,Сумська,0.3416,0.3463,0.3441,0.3676,0.3237
Соняшник,Тернопільська,0.3798,0.3699,0.3699,0.398,0.3575
Соняшник,Харківська,0.3136,0.3095,0.3167,0.3073,0.2664
Соняшник,Херсонська,0.2875,0.3291,0.2975,0.2471,0.1951
Соняшник,Хмельницька,0.3154,0.344,0.3333,0.3493,0.3272
Соняшник,Черкаська,0.3364,0.3326,0.3258,0.3621,0.3163
Соняшник,Чернівецька,0.2888,0.3359,0.3474,0.3393,0.3321
Соняшник,Чернігівська,0.3483,0.3528,0.3714,0.3479,0.4224
Соняшник,Вінницька,0.3494,0.3657,0.3395,0.3745,0.3629
Соняшник,Волинська,0.3657,0.3661,0.4023,0.3726,0.3465
Соняшник,Дніпропетровська,0.3223,0.3416,0.3258,0.3437,0.3022
Соняшник,Донецька,0.3718,0.3269,0.3251,0.2972,0.2737
Соняшник,Житомирська,0.341,0.3422,0.3395,0.3941,0.3143
Соняшник,Закарпатська,0.2925,0.3404,0.3424,0.3459,0.3465
Соняшник,Запорізька,0.3028,0.3036,0.3082,0.3286,0.2893
Соняшник,Івано-Франківська,0.3488,0.3543,0.3424,0.366,0.3305
Соняшник,Київська,0.3397,0.341,0.3441,0.3686,0.3219
Соняшник,Кіровоградська,0.3263,0.3468,0.3346,0.3222,0.2907
Соняшник,Луганська,0.3089,0.3239,0.3167,0.3049,
Соняшник,Львівська,0.3423,0.3507,0.3516,0.3633,0.336
Соняшник,Миколаївська,0.3231,0.3397,0.3628,0.3557,0.3079
Соняшник,Одеська,0.3286,0.3326,0.3327,0.3096,0.2948
Соняшник,Полтавська,0.3247,0.3312,0.3389,0.3362,0.2907
Соняшник,Рівненська,0.35,0.3451,0.355,0.3544,0.2961
Соняшник,Сумська,0.3435,0.348,0.3452,0.3731,0.3263
Соняшник,Тернопільська,0.3802,0.3699,0.3733,0.401,0.3635
Соняшник,Харківська,0.3206,0.3174,0.3251,0.3259,0.2935
Соняшник,Херсонська,0.3028,0.341,0.31,0.293,0.2417
Соняшник,Хмельницька,0.3181,0.3463,0.3359,0.3526,0.3289
Соняшник,Черкаська,0.3404,0.3346,0.332,0.3691,0.3228
Соняшник,Чернівецька,0.3028,0.3359,0.35,0.3466,0.339
Соняшник,Чернігівська,0.3533,0.3564,0.3741,0.3538,0.4252
Соняшник,Вінницька,0.0646,0.0621,0.0646,0.077,0.0724
Соняшник,Волинська,0.0782,0.0759,0.0786,0.0819,0.0817
Соняшник,Дніпропетровська,0.0605,0.0607,0.0608,0.0729,0.0664
Соняшник,Донецька,0.0531,0.0484,0.0523,0.0535,0.0497
Соняшник,Житомирська,0.0525,0.0514,0.044,0.0539,0.0585
Соняшник,Закарпатська,0.0712,0.0741,0.0617,0.0483,0.0918
Соняшник,Запорізька,0.0525,0.0514,0.0502,0.068,0.061
Соняшник,Івано-Франківська,0.0502,0.0558,0.0665,0.0764,0.0944
Соняшник,Київська,0.0637,0.0686,0.0614,0.0778,0.0681
Соняшник,Кіровоградська,0.0619,0.0558,0.0556,0.0698,0.0663
Соняшник,Луганська,0.0516,0.0536,0.06,0.0558,
Соняшник,Львівська,0.059,0.0725,0.0693,0.0628,0.0785
Соняшник,Миколаївська,0.0434,0.0417,0.0398,0.0508,0.0407
Соняшник,Одеська,0.0187,0.0165,0.0235,0.033,0.0388
Соняшник,Полтавська,0.0644,0.068,0.064,0.0796,0.0709
Соняшник,Рівненська,0.0636,0.0596,0.0667,0.084,0.0484
Соняшник,Сумська,0.0616,0.0701,0.0688,0.0805,0.0765
Соняшник,Тернопільська,0.0833,0.07,0.077,0.0945,0.0955
Соняшник,Харківська,0.0668,0.0647,0.0608,0.0776,0.0637
Соняшник,Херсонська,0.0425,0.0371,0.045,0.0219,0.0447
Соняшник,Хмельницька,0.0762,0.0942,0.0724,0.1003,0.1064
Соняшник,Черкаська,0.0607,0.0663,0.0552,0.0744,0.0716
Соняшник,Чернівецька,0.054,0.0612,0.0607,0.0722,0.0959
Соняшник,Чернігівська,0.0728,0.0743,0.0713,0.0827,0.0856
Соняшник,Вінницька,0.0694,0.0646,0.0699,0.079,0.076
Соняшник,Волинська,0.0836,0.0791,0.0818,0.0844,0.0826
Соняшник,Дніпропетровська,0.0674,0.0651,0.0651,0.0785,0.0702
Соняшник,Донецька,0.0573,0.0538,0.0558,0.066,0.0547
Соняшник,Житомирська,0.0592,0.0565,0.0466,0.0599,0.0617
Соняшник,Закарпатська,0.0818,0.0859,0.0639,0.0653,0.0918
Соняшник,Запорізька,0.058,0.0552,0.0529,0.0749,0.0647
Соняшник,Івано-Франківська,0.0529,0.0636,0.0725,0.0825,0.0945
Соняшник,Київська,0.0698,0.0724,0.064,0.0838,0.0713
Соняшник,Кіровоградська,0.0662,0.0615,0.0599,0.0743,0.0702
Соняшник,Луганська,0.055,0.0569,0.063,0.0614,
Соняшник,Львівська,0.0616,0.072,0.0706,0.0644,0.0804
Соняшник,Миколаївська,0.0508,0.0476,0.0447,0.0577,0.0455
Соняшник,Одеська,0.0239,0.0209,0.028,0.038,0.0447
Соняшник,Полтавська,0.0679,0.0712,0.0686,0.0842,0.0754
Соняшник,Рівненська,0.0707,0.0672,0.07,0.0857,0.0532
Соняшник,Сумська,0.0643,0.072,0.0703,0.0821,0.0781
Соняшник,Тернопільська,0.0836,0.0751,0.08,0.0974,0.1019
Соняшник,Харківська,0.0706,0.0678,0.0661,0.0856,0.0684
Соняшник,Херсонська,0.0507,0.0439,0.0526,0.0335,0.0597
Соняшник,Хмельницька,0.0783,0.096,0.075,0.1027,0.1078
Соняшник,Черкаська,0.0644,0.0689,0.0585,0.0772,0.0735
Соняшник,Чернівецька,0.0616,0.0619,0.0628,0.0782,0.0994
Соняшник,Чернігівська,0.0796,0.0772,0.074,0.0858,0.0872
Соя,Вінницька,0.1618,0.1564,0.13,0.1553,0.1617
Соя,Волинська,0.1111,0.1423,0.1465,0.1613,0.1065
Соя,Дніпропетровська,0.0075,0.0,0.0275,0.0069,0.0
Соя,Донецька,,,0.0,,
Соя,Житомирська,0.1628,0.1609,0.174,0.1613,0.1322
Соя,Закарпатська,0.0207,0.0328,0.0716,0.0393,0.0247
Соя,Запорізька,0.0463,0.043,0.0607,,
Соя,Івано-Франківська,0.0987,0.1081,0.1154,0.101,0.0986
Соя,Київська,0.1498,0.1286,0.1283,0.143,0.1308
Соя,Кіровоградська,0.1052,0.1059,0.0871,0.0774,0.0551
Соя,Луганська,,,,,
Соя,Львівська,0.1268,0.1642,0.1669,0.1651,0.1689
Соя,Миколаївська,0.0144,0.0077,0.0,0.0069,0.5901
Соя,Одеська,0.0,0.0,0.0215,0.0,0.0
Соя,Полтавська,0.1411,0.1395,0.1248,0.0924,0.1007
Соя,Рівненська,0.0987,0.1122,0.1048,0.1107,0.0874
Соя,Сумська,0.1566,0.1286,0.1212,0.1418,0.1558
Соя,Тернопільська,0.1676,0.1742,0.1867,0.1914,0.14
Соя,Харківська,0.0782,0.0674,0.0645,0.0393,0.0435
Соя,Херсонська,0.1411,0.1872,0.1531,0.0,
Соя,Хмельницька,0.1845,0.1631,0.1832,0.1793,0.1831
Соя,Черкаська,0.1314,0.127,0.1332,0.1511,0.0986
Соя,Чернівецька,0.0621,0.0638,0.0681,0.0553,0.0435
Соя,Чернігівська,0.1314,0.1037,0.1092,0.1069,0.1084
Соя,Вінницька,0.9648,0.9807,0.9707,0.9427,0.9653
Соя,Волинська,0.8747,0.8947,0.9181,0.8983,0.8954
Соя,Дніпропетровська,0.6607,0.6425,0.7659,0.6732,0.7033
Соя,Донецька,,,0.2975,,
Соя,Житомирська,0.9635,0.9558,0.9496,0.9656,0.9607
Соя,Закарпатська,0.7486,0.7923,0.834,0.8382,0.8246
Соя,Запорізька,0.7614,0.7661,0.8113,,
Соя,Івано-Франківська,0.8557,0.8968,0.9117,0.8681,0.9066
Соя,Київська,0.9535,0.9475,0.949,0.9285,0.9426
Соя,Кіровоградська,0.9097,0.8892,0.8773,0.8794,0.9023
Соя,Луганська,,,,,
Соя,Львівська,0.9057,0.9513,0.979,0.9506,0.9545
Соя,Миколаївська,0.6694,0.6255,0.649,0.633,0.6773
Соя,Одеська,0.7599,0.7674,0.7204,0.8305,0.6957
Соя,Полтавська,0.9629,0.9747,0.9728,0.9513,0.9902
Соя,Рівненська,0.8871,0.9562,0.9514,0.9396,0.9442
Соя,Сумська,0.9531,0.9304,0.9525,0.9472,0.968
Соя,Тернопільська,0.9502,0.9443,0.9839,0.9452,0.9319
Соя,Харківська,0.8571,0.8382,0.8455,0.7858,0.8326
Соя,Херсонська,0.9501,0.9646,0.9867,0.6484,
Соя,Хмельницька,1.0,1.0,1.0,1.0,1.0
Соя,Черкаська,0.9286,0.9309,0.94,0.9466,0.9142
Соя,Чернівецька,0.8477,0.8689,0.8776,0.8496,0.8466
Соя,Чернігівська,0.9413,0.963,0.8969,0.9195,0.939
Соя,Вінницька,0.3452,0.3516,0.3474,0.3542,0.3368
Соя,Волинська,0.3666,0.4108,0.4274,0.4141,0.3485
Соя,Дніпропетровська,0.3238,0.3301,0.3707,0.3349,0.2729
Соя,Донецька,,,0.3247,,
Соя,Житомирська,0.3238,0.3451,0.3662,0.3256,0.2934
Соя,Закарпатська,0.2596,0.278,0.3922,0.298,0.2858
Соя,Запорізька,0.3411,0.3652,0.3814,,
Соя,Івано-Франківська,0.3619,0.3587,0.3774,0.3349,0.3193
Соя,Київська,0.3251,0.3379,0.3439,0.337,0.3125
Соя,Кіровоградська,0.3212,0.3606,0.3542,0.3123,0.2602
Соя,Луганська,,,,,
Соя,Львівська,0.3461,0.3703,0.3689,0.3451,0.3494
Соя,Миколаївська,0.3049,0.3484,0.3166,0.3432,0.5901
Соя,Одеська,0.1533,0.2192,0.3552,0.2274,0.2705
Соя,Полтавська,0.2998,0.3214,0.3131,0.2584,0.2382
Соя,Рівненська,0.3225,0.315,0.3348,0.3165,0.2705
Соя,Сумська,0.3312,0.3354,0.3262,0.3218,0.3206
Соя,Тернопільська,0.3579,0.3875,0.3974,0.3815,0.3303
Соя,Харківська,0.3212,0.3557,0.3451,0.3256,0.2729
Соя,Херсонська,0.3346,0.4138,0.3614,0.2525,
Соя,Хмельницька,0.3251,0.3354,0.3614,0.3256,0.3268
Соя,Черкаська,0.33,0.3596,0.3733,0.3542,0.3035
Соя,Чернівецька,0.2963,0.315,0.3199,0.2907,0.2915
Соя,Чернігівська,0.3127,0.3301,0.3614,0.3137,0.3003
Соя,Вінницька,0.3635,0.3652,0.3614,0.3654,0.3537
Соя,Волинська,0.3731,0.4252,0.4388,0.4214,0.3579
Соя,Дніпропетровська,0.357,0.3301,0.3724,0.3533,0.2915
Соя,Донецька,,,0.3348,,
Соя,Житомирська,0.3358,0.3634,0.3837,0.3451,0.3193
Соя,Закарпатська,0.2596,0.278,0.3968,0.3192,0.3003
Соя,Запорізька,0.339,0.3615,0.375,,
Соя,Івано-Франківська,0.3643,0.3669,0.4059,0.347,0.3219
Соя,Київська,0.339,0.3577,0.3594,0.3567,0.3314
Соя,Кіровоградська,0.3471,0.3841,0.3829,0.347,0.2969
Соя,Луганська,,,,,
Соя,Львівська,0.3509,0.3775,0.3859,0.3524,0.3594
Соя,Миколаївська,0.3251,0.3652,0.3604,0.3821,0.5901
Соя,Одеська,0.1731,0.2293,0.379,0.2354,0.2838
Соя,Полтавська,0.3276,0.366,0.3633,0.3062,0.2878
Соя,Рівненська,0.3518,0.3367,0.3573,0.328,0.2858
Соя,Сумська,0.3369,0.3606,0.3509,0.3451,0.3358
Соя,Тернопільська,0.3688,0.3934,0.403,0.3891,0.3485
Соя,Харківська,0.3432,0.3703,0.3633,0.3676,0.2986
Соя,Херсонська,0.3379,0.4067,0.3662,0.3359,
Соя,Хмельницька,0.3461,0.3567,0.3806,0.3412,0.3419
Соя,Черкаська,0.3442,0.3744,0.4041,0.3758,0.3291
Соя,Чернівецька,0.3198,0.3341,0.3362,0.3123,0.3035
Соя,Чернігівська,0.33,0.3909,0.379,0.3292,0.3153
Соя,Вінницька,0.0964,0.0983,0.1026,0.0814,0.0815
Соя,Волинська,0.0929,0.0915,0.1082,0.0867,0.0899
Соя,Дніпропетровська,0.0827,0.0959,0.1076,0.069,0.0792
Соя,Донецька,,,0.2975,,
Соя,Житомирська,0.0801,0.0743,0.068,0.0729,0.0731
Соя,Закарпатська,0.0652,0.065,0.0983,0.0854,0.0941
Соя,Запорізька,0.0739,0.0716,0.0895,,
Соя,Івано-Франківська,0.0878,0.0867,0.0962,0.0628,0.0812
Соя,Київська,0.0851,0.088,0.088,0.0699,0.0746
Соя,Кіровоградська,0.0914,0.0862,0.0859,0.0769,0.0863
Соя,Луганська,,,,,
Соя,Львівська,0.0854,0.086,0.0932,0.0729,0.0774
Соя,Миколаївська,0.0684,0.0571,0.0909,0.062,0.0807
Соя,Одеська,0.098,0.1001,0.0803,0.1356,0.0646
Соя,Полтавська,0.0814,0.0874,0.0842,0.0739,0.0785
Соя,Рівненська,0.0822,0.0939,0.1023,0.0887,0.0859
Соя,Сумська,0.0836,0.0753,0.083,0.0738,0.0768
Соя,Тернопільська,0.0913,0.0838,0.1014,0.0747,0.0722
Соя,Харківська,0.0813,0.0868,0.0798,0.0665,0.0693
Соя,Херсонська,0.0959,0.1068,0.1071,0.0303,
Соя,Хмельницька,0.0898,0.0947,0.0896,0.0817,0.0825
Соя,Черкаська,0.0861,0.0951,0.0961,0.0869,0.0769
Соя,Чернівецька,0.0764,0.0816,0.0815,0.0694,0.0851
Соя,Чернігівська,0.0836,0.1177,0.0811,0.0762,0.0806
Соя,Вінницька,0.1015,0.1012,0.1082,0.0858,0.0856
Соя,Волинська,0.0984,0.0947,0.111,0.089,0.0904
Соя,Дніпропетровська,0.0969,0.0952,0.1087,0.077,0.0832
Соя,Донецька,,,0.2975,,
Соя,Житомирська,0.0855,0.0821,0.0729,0.0793,0.0781
Соя,Закарпатська,0.0655,0.0651,0.0996,0.0871,0.0941
Соя,Запорізька,0.072,0.069,0.0849,,
Соя,Івано-Франківська,0.0934,0.0888,0.1014,0.0675,0.0814
Соя,Київська,0.0893,0.0926,0.0929,0.0761,0.0776
Соя,Кіровоградська,0.0965,0.0928,0.0916,0.0825,0.0892
Соя,Луганська,,,,,
Соя,Львівська,0.0886,0.088,0.0955,0.0748,0.0777
Соя,Миколаївська,0.0774,0.0688,0.1004,0.0688,0.0862
Соя,Одеська,0.099,0.1058,0.0941,0.1379,0.0661
Соя,Полтавська,0.0872,0.093,0.0899,0.0807,0.0834
Соя,Рівненська,0.0879,0.1024,0.1082,0.093,0.0883
Соя,Сумська,0.0851,0.0773,0.0881,0.077,0.0775
Соя,Тернопільська,0.0962,0.089,0.1027,0.0773,0.0797
Соя,Харківська,0.091,0.0927,0.0903,0.0819,0.0775
Соя,Херсонська,0.0968,0.0983,0.1038,0.0716,
Соя,Хмельницька,0.0925,0.098,0.093,0.0844,0.0848
Соя,Черкаська,0.0909,0.1005,0.1007,0.0907,0.0804
Соя,Чернівецька,0.0831,0.0829,0.0891,0.076,0.0896
Соя,Чернігівська,0.0868,0.1209,0.0857,0.0798,0.082
Культури зернові та зернобобові,Вінницька,0.315,0.3228,0.2936,0.3571,0.317
Культури зернові та зернобобові,Волинська,0.2177,0.2392,0.2442,0.2691,0.2159
Культури зернові та зернобобові,Дніпропетровська,0.2874,0.2984,0.2925,0.3113,0.2441
Культури зернові та зернобобові,Донецька,0.276,0.2618,0.2725,0.1721,0.0934
Культури зернові та зернобобові,Житомирська,0.2539,0.2639,0.2649,0.2707,0.241
Культури зернові та зернобобові,Закарпатська,0.0681,0.0526,0.06,0.0645,0.0316
Культури зернові та зернобобові,Запорізька,0.2845,0.2894,0.2932,0.19,0.1095
Культури зернові та зернобобові,Івано-Франківська,0.1597,0.1761,0.1708,0.1828,0.1543
Культури зернові та зернобобові,Київська,0.2862,0.2905,0.2979,0.3041,0.2596
Культури зернові та зернобобові,Кіровоградська,0.2862,0.3096,0.2896,0.2958,0.2551
Культури зернові та зернобобові,Луганська,0.2455,0.2418,0.2395,0.0201,
Культури зернові та зернобобові,Львівська,0.2068,0.2284,0.229,0.254,0.2213
Культури зернові та зернобобові,Миколаївська,0.2752,0.2865,0.3043,0.2859,0.2255
Культури зернові та зернобобові,Одеська,0.314,0.3061,0.2972,0.303,0.2551
Культури зернові та зернобобові,Полтавська,0.2993,0.3039,0.2952,0.2986,0.2525
Культури зернові та зернобобові,Рівненська,0.2087,0.2216,0.2233,0.2152,0.1897
Культури зернові та зернобобові,Сумська,0.3124,0.3127,0.2982,0.323,0.2734
Культури зернові та зернобобові,Тернопільська,0.2756,0.2814,0.2738,0.3062,0.2777
Культури зернові та зернобобові,Харківська,0.2964,0.2993,0.2951,0.2622,0.2082
Культури зернові та зернобобові,Херсонська,0.2412,0.2815,0.2569,0.1048,0.0107
Культури зернові та зернобобові,Хмельницька,0.2802,0.3002,0.294,0.308,0.2846
Культури зернові та зернобобові,Черкаська,0.2899,0.2926,0.2788,0.3249,0.2743
Культури зернові та зернобобові,Чернівецька,0.0946,0.1121,0.1116,0.1332,0.1026
Культури зернові та зернобобові,Чернігівська,0.3288,0.337,0.3305,0.3141,0.3682
Культури зернові та зернобобові,Вінницька,0.9892,0.9737,0.9489,1.0,0.9924
Культури зернові та зернобобові,Волинська,0.893,0.8791,0.8715,0.9176,0.8939
Культури зернові та зернобобові,Дніпропетровська,0.9528,0.9384,0.9258,0.9612,0.9452
Культури зернові та зернобобові,Донецька,0.905,0.8933,0.8827,0.8051,0.79
Культури зернові та зернобобові,Житомирська,0.9426,0.9351,0.9137,0.9413,0.9475
Культури зернові та зернобобові,Закарпатська,0.7476,0.6974,0.7321,0.7411,0.6768
Культури зернові та зернобобові,Запорізька,0.9396,0.9293,0.9288,0.8279,0.7839
Культури зернові та зернобобові,Івано-Франківська,0.853,0.8375,0.8335,0.8585,0.8579
Культури зернові та зернобобові,Київська,0.9761,0.9624,0.9511,0.989,0.9725
Культури зернові та зернобобові,Кіровоградська,0.9703,0.9486,0.9311,0.9805,0.9737
Культури зернові та зернобобові,Луганська,0.8817,0.872,0.8486,0.5146,
Культури зернові та зернобобові,Львівська,0.9185,0.9065,0.8907,0.9289,0.9179
Культури зернові та зернобобові,Миколаївська,0.9228,0.9053,0.8977,0.9182,0.9027
Культури зернові та зернобобові,Одеська,0.9419,0.92,0.9216,0.9583,0.9525
Культури зернові та зернобобові,Полтавська,0.9902,0.9778,0.9599,0.9975,0.9912
Культури зернові та зернобобові,Рівненська,0.8928,0.8855,0.8898,0.9119,0.8889
Культури зернові та зернобобові,Сумська,0.9933,0.9878,0.9733,0.9857,0.9786
Культури зернові та зернобобові,Тернопільська,0.9493,0.9305,0.9196,0.9535,0.948
Культури зернові та зернобобові,Харківська,0.9738,0.9523,0.9321,0.9384,0.935
Культури зернові та зернобобові,Херсонська,0.9173,0.9037,0.9039,0.7038,0.6363
Культури зернові та зернобобові,Хмельницька,0.9774,0.9722,0.9452,0.9963,0.975
Культури зернові та зернобобові,Черкаська,0.976,0.9704,0.9474,0.9902,0.986
Культури зернові та зернобобові,Чернівецька,0.8038,0.7657,0.7609,0.8192,0.811
Культури зернові та зернобобові,Чернігівська,1.0,1.0,1.0,0.9941,1.0
Культури зернові та зернобобові,Вінницька,0.3521,0.3613,0.3276,0.4022,0.3727
Культури зернові та зернобобові,Волинська,0.3707,0.387,0.3858,0.4191,0.3764
Культури зернові та зернобобові,Дніпропетровська,0.322,0.3394,0.3276,0.3539,0.3118
Культури зернові та зернобобові,Донецька,0.3483,0.3341,0.3384,0.3106,0.2778
Культури зернові та зернобобові,Житомирська,0.3351,0.3389,0.3371,0.3614,0.3394
Культури зернові та зернобобові,Закарпатська,0.3535,0.3373,0.3422,0.342,0.3199
Культури зернові та зернобобові,Запорізька,0.3177,0.3229,0.323,0.3368,0.2913
Культури зернові та зернобобові,Івано-Франківська,0.3493,0.3639,0.3525,0.3782,0.3621
Культури зернові та зернобобові,Київська,0.3374,0.3404,0.347,0.3592,0.3332
Культури зернові та зернобобові,Кіровоградська,0.324,0.3507,0.3266,0.3391,0.3146
Культури зернові та зернобобові,Луганська,0.3346,0.3313,0.3296,0.3117,
Культури зернові та зернобобові,Львівська,0.3304,0.3624,0.3522,0.3799,0.3655
Культури зернові та зернобобові,Миколаївська,0.3233,0.3368,0.3481,0.352,0.3069
Культури зернові та зернобобові,Одеська,0.3346,0.3352,0.3132,0.3253,0.2901
Культури зернові та зернобобові,Полтавська,0.3226,0.329,0.3185,0.3313,0.2995
Культури зернові та зернобобові,Рівненська,0.3488,0.3678,0.3485,0.3636,0.3673
Культури зернові та зернобобові,Сумська,0.3548,0.3524,0.3344,0.382,0.342
Культури зернові та зернобобові,Тернопільська,0.3655,0.3702,0.36,0.4019,0.3874
Культури зернові та зернобобові,Харківська,0.322,0.3284,0.3197,0.3313,0.3017
Культури зернові та зернобобові,Херсонська,0.306,0.3399,0.3101,0.3095,0.2517
Культури зернові та зернобобові,Хмельницька,0.3401,0.3558,0.3454,0.3731,0.3645
Культури зернові та зернобобові,Черкаська,0.3396,0.3414,0.3261,0.3816,0.3387
Культури зернові та зернобобові,Чернівецька,0.306,0.3438,0.333,0.358,0.342
Культури зернові та зернобобові,Чернігівська,0.3565,0.3646,0.3543,0.363,0.4145
Культури зернові та зернобобові,Вінницька,0.3561,0.3632,0.3344,0.4047,0.38
Культури зернові та зернобобові,Волинська,0.3732,0.3912,0.3876,0.4224,0.3812
Культури зернові та зернобобові,Дніпропетровська,0.3273,0.3429,0.3296,0.3603,0.3173
Культури зернові та зернобобові,Донецька,0.3535,0.3414,0.3446,0.3353,0.2937
Культури зернові та зернобобові,Житомирська,0.3423,0.3466,0.3422,0.3717,0.3469
Культури зернові та зернобобові,Закарпатська,0.3591,0.3383,0.3466,0.3448,0.3224
Культури зернові та зернобобові,Запорізька,0.3226,0.326,0.3261,0.3468,0.2984
Культури зернові та зернобобові,Івано-Франківська,0.3521,0.3661,0.355,0.3795,0.3621
Культури зернові та зернобобові,Київська,0.3417,0.3438,0.3492,0.3667,0.3407
Культури зернові та зернобобові,Кіровоградська,0.3285,0.3554,0.3311,0.3462,0.3224
Культури зернові та зернобобові,Луганська,0.3374,0.3341,0.3311,0.3271,
Культури зернові та зернобобові,Львівська,0.3334,0.3643,0.357,0.3829,0.37
Культури зернові та зернобобові,Миколаївська,0.3291,0.3404,0.3522,0.3636,0.3173
Культури зернові та зернобобові,Одеська,0.3401,0.3352,0.3208,0.3361,0.3038
Культури зернові та зернобобові,Полтавська,0.3279,0.3341,0.3224,0.3398,0.3099
Культури зернові та зернобобові,Рівненська,0.3535,0.3709,0.3518,0.3672,0.3727
Культури зернові та зернобобові,Сумська,0.3565,0.3541,0.3357,0.3869,0.3457
Культури зернові та зернобобові,Тернопільська,0.3671,0.3719,0.3619,0.405,0.3958
Культури зернові та зернобобові,Харківська,0.3266,0.3335,0.3251,0.3475,0.3128
Культури зернові та зернобобові,Херсонська,0.3185,0.3503,0.3197,0.3345,0.27
Культури зернові та зернобобові,Хмельницька,0.3423,0.3578,0.3477,0.3764,0.3664
Культури зернові та зернобобові,Черкаська,0.3428,0.3429,0.3296,0.3873,0.3445
Культури зернові та зернобобові,Чернівецька,0.3109,0.3476,0.3392,0.3636,0.3469
Культури зернові та зернобобові,Чернігівська,0.3599,0.3692,0.357,0.3697,0.4177
Культури зернові та зернобобові,Вінницька,0.0287,0.0281,0.0208,0.0478,0.0351
Культури зернові та зернобобові,Волинська,0.0419,0.0374,0.0394,0.0614,0.0399
Культури зернові та зернобобові,Дніпропетровська,0.0096,0.0118,0.0097,0.0283,0.0182
Культури зернові та зернобобові,Донецька,0.0056,0.0063,0.0045,0.0109,0.0092
Культури зернові та зернобобові,Житомирська,0.0278,0.0271,0.0225,0.0414,0.0346
Культури зернові та зернобобові,Закарпатська,0.0463,0.0269,0.0544,0.0536,0.0159
Культури зернові та зернобобові,Запорізька,0.0038,0.0049,0.0088,0.0194,0.0052
Культури зернові та зернобобові,Івано-Франківська,0.0413,0.0382,0.0423,0.0559,0.0489
Культури зернові та зернобобові,Київська,0.0294,0.0283,0.0304,0.0475,0.0345
Культури зернові та зернобобові,Кіровоградська,0.0192,0.0165,0.0131,0.0373,0.0275
Культури зернові та зернобобові,Луганська,0.0034,0.0049,0.0008,0.0,
Культури зернові та зернобобові,Львівська,0.0394,0.046,0.0398,0.0541,0.0441
Культури зернові та зернобобові,Миколаївська,0.003,0.0024,0.0014,0.0212,0.0072
Культури зернові та зернобобові,Одеська,0.0,0.0,0.0,0.0199,0.0081
Культури зернові та зернобобові,Полтавська,0.0218,0.0232,0.0207,0.0403,0.03
Культури зернові та зернобобові,Рівненська,0.0339,0.0406,0.0405,0.058,0.0482
Культури зернові та зернобобові,Сумська,0.0341,0.0369,0.0361,0.0478,0.0349
Культури зернові та зернобобові,Тернопільська,0.0365,0.0324,0.0341,0.0504,0.0409
Культури зернові та зернобобові,Харківська,0.0151,0.0128,0.0077,0.0305,0.0263
Культури зернові та зернобобові,Херсонська,0.0078,0.0047,0.0083,0.0055,0.0
Культури зернові та зернобобові,Хмельницька,0.0354,0.0371,0.0286,0.0571,0.0391
Культури зернові та зернобобові,Черкаська,0.0286,0.0322,0.0273,0.0489,0.0365
Культури зернові та зернобобові,Чернівецька,0.0303,0.026,0.0263,0.0538,0.0451
Культури зернові та зернобобові,Чернігівська,0.0295,0.0371,0.0452,0.0469,0.034
Культури зернові та зернобобові,Вінницька,0.0329,0.0307,0.0257,0.0502,0.0388
Культури зернові та зернобобові,Волинська,0.0476,0.0413,0.0413,0.0637,0.0425
Культури зернові та зернобобові,Дніпропетровська,0.0138,0.0149,0.0122,0.0322,0.0204
Культури зернові та зернобобові,Донецька,0.0081,0.0095,0.0073,0.0204,0.0125
Культури зернові та зернобобові,Житомирська,0.0344,0.0343,0.0266,0.0486,0.0388
Культури зернові та зернобобові,Закарпатська,0.0513,0.0288,0.0594,0.0586,0.0161
Культури зернові та зернобобові,Запорізька,0.0059,0.0068,0.0105,0.0232,0.0065
Культури зернові та зернобобові,Івано-Франківська,0.0439,0.0393,0.0439,0.0567,0.0495
Культури зернові та зернобобові,Київська,0.0331,0.0308,0.0334,0.0518,0.0377
Культури зернові та зернобобові,Кіровоградська,0.0225,0.0196,0.0164,0.0411,0.0302
Культури зернові та зернобобові,Луганська,0.0052,0.0067,0.0018,0.0029,
Культури зернові та зернобобові,Львівська,0.0416,0.0478,0.0416,0.0561,0.046
Культури зернові та зернобобові,Миколаївська,0.0072,0.0054,0.005,0.0265,0.0108
Культури зернові та зернобобові,Одеська,0.0046,0.0027,0.0035,0.0243,0.0126
Культури зернові та зернобобові,Полтавська,0.0251,0.0258,0.0241,0.044,0.0342
Культури зернові та зернобобові,Рівненська,0.039,0.0442,0.0443,0.0614,0.0515
Культури зернові та зернобобові,Сумська,0.0361,0.0388,0.0381,0.0505,0.036
Культури зернові та зернобобові,Тернопільська,0.0388,0.0365,0.0362,0.0525,0.046
Культури зернові та зернобобові,Харківська,0.0176,0.0154,0.0111,0.0382,0.0298
Культури зернові та зернобобові,Херсонська,0.0146,0.0097,0.0133,0.0218,0.0053
Культури зернові та зернобобові,Хмельницька,0.0382,0.0393,0.0307,0.0596,0.0404
Культури зернові та зернобобові,Черкаська,0.0318,0.0341,0.0299,0.051,0.0381
Культури зернові та зернобобові,Чернівецька,0.035,0.0279,0.031,0.0575,0.0478
Культури зернові та зернобобові,Чернігівська,0.0338,0.0404,0.0481,0.0512,0.0362
Коренеплоди та бульби їстівні з високим вмістом крохмалю та інуліну,Вінницька,0.0,0.0,0.0,0.0,0.3064
Коренеплоди та бульби їстівні з високим вмістом крохмалю та інуліну,Волинська,0.0095,0.0,0.0,0.0,
Коренеплоди та бульби їстівні з високим вмістом крохмалю та інуліну,Дніпропетровська,0.0335,0.0459,0.0332,0.0259,0.0399
Коренеплоди та бульби їстівні з високим вмістом крохмалю та інуліну,Донецька,0.0,,0.0,,
Коренеплоди та бульби їстівні з високим вмістом крохмалю та інуліну,Житомирська,0.0691,0.0677,0.0684,0.04,0.0522
Коренеплоди та бульби їстівні з високим вмістом крохмалю та інуліну,Закарпатська,,,,,
Коренеплоди та бульби їстівні з високим вмістом крохмалю та інуліну,Запорізька,,,0.0,,
Коренеплоди та бульби їстівні з високим вмістом крохмалю та інуліну,Івано-Франківська,0.0,0.0,0.0,0.0,0.0
Коренеплоди та бульби їстівні з високим вмістом крохмалю та інуліну,Київська,0.0469,0.0396,0.04,0.0259,0.0179
Коренеплоди та бульби їстівні з високим вмістом крохмалю та інуліну,Кіровоградська,,,,,
Коренеплоди та бульби їстівні з високим вмістом крохмалю та інуліну,Луганська,,,,,
Коренеплоди та бульби їстівні з високим вмістом крохмалю та інуліну,Львівська,0.0404,0.0574,0.0634,0.0943,0.0729
Коренеплоди та бульби їстівні з високим вмістом крохмалю та інуліну,Миколаївська,0.0,0.0,0.0,,
Коренеплоди та бульби їстівні з високим вмістом крохмалю та інуліну,Одеська,,0.5063,0.0,0.0,0.0
Коренеплоди та бульби їстівні з високим вмістом крохмалю та інуліну,Полтавська,0.0095,0.0178,0.0259,0.0259,0.0094
Коренеплоди та бульби їстівні з високим вмістом крохмалю та інуліну,Рівненська,0.0,0.0,0.0,0.0,0.0
Коренеплоди та бульби їстівні з високим вмістом крохмалю та інуліну,Сумська,,0.6698,,0.6959,0.0
Коренеплоди та бульби їстівні з високим вмістом крохмалю та інуліну,Тернопільська,0.0095,0.0178,0.0094,0.0259,0.0258
Коренеплоди та бульби їстівні з високим вмістом крохмалю та інуліну,Харківська,,,0.0,,
Коренеплоди та бульби їстівні з високим вмістом крохмалю та інуліну,Херсонська,0.0262,0.0328,0.0464,,
Коренеплоди та бульби їстівні з високим вмістом крохмалю та інуліну,Хмельницька,0.0,0.0,0.0,0.0,0.0
Коренеплоди та бульби їстівні з високим вмістом крохмалю та інуліну,Черкаська,0.0262,0.0093,0.018,0.0094,0.0094
Коренеплоди та бульби їстівні з високим вмістом крохмалю та інуліну,Чернівецька,,,,,
Коренеплоди та бульби їстівні з високим вмістом крохмалю та інуліну,Чернігівська,0.0953,0.0813,0.1208,0.0634,0.0522
Коренеплоди та бульби їстівні з високим вмістом крохмалю та інуліну,Вінницька,0.4115,0.4045,0.4906,0.5103,0.4089
Коренеплоди та бульби їстівні з високим вмістом крохмалю та інуліну,Волинська,0.6287,0.6567,0.6541,0.6648,
Коренеплоди та бульби їстівні з високим вмістом крохмалю та інуліну,Дніпропетровська,0.9007,0.9213,0.9171,0.8699,0.8972
Коренеплоди та бульби їстівні з високим вмістом крохмалю та інуліну,Донецька,0.6276,,0.7289,,
Коренеплоди та бульби їстівні з високим вмістом крохмалю та інуліну,Житомирська,0.9292,0.9114,0.9057,0.8862,0.8942
Коренеплоди та бульби їстівні з високим вмістом крохмалю та інуліну,Закарпатська,,,,,
Коренеплоди та бульби їстівні з високим вмістом крохмалю та інуліну,Запорізька,,,0.5023,,
Коренеплоди та бульби їстівні з високим вмістом крохмалю та інуліну,Івано-Франківська,0.6519,0.6103,0.639,0.685,0.6429
Коренеплоди та бульби їстівні з високим вмістом крохмалю та інуліну,Київська,0.9206,0.8948,0.9166,0.8618,0.8627
Коренеплоди та бульби їстівні з високим вмістом крохмалю та інуліну,Кіровоградська,,,,,
Коренеплоди та бульби їстівні з високим вмістом крохмалю та інуліну,Луганська,,,,,
Коренеплоди та бульби їстівні з високим вмістом крохмалю та інуліну,Львівська,0.9165,0.9024,0.9743,1.0,1.0
Коренеплоди та бульби їстівні з високим вмістом крохмалю та інуліну,Миколаївська,0.7039,0.72,0.7216,,
Коренеплоди та бульби їстівні з високим вмістом крохмалю та інуліну,Одеська,,0.6112,0.6211,0.6874,0.5736
Коренеплоди та бульби їстівні з високим вмістом крохмалю та інуліну,Полтавська,0.8828,0.8659,0.8593,0.8538,0.8458
Коренеплоди та бульби їстівні з високим вмістом крохмалю та інуліну,Рівненська,0.5155,0.4382,0.6719,0.6083,0.6281
Коренеплоди та бульби їстівні з високим вмістом крохмалю та інуліну,Сумська,,0.7763,,0.8039,0.7486
Коренеплоди та бульби їстівні з високим вмістом крохмалю та інуліну,Тернопільська,0.8349,0.6732,0.7053,0.807,0.8752
Коренеплоди та бульби їстівні з високим вмістом крохмалю та інуліну,Харківська,,,0.2907,,
Коренеплоди та бульби їстівні з високим вмістом крохмалю та інуліну,Херсонська,0.801,0.8614,0.8793,,
Коренеплоди та бульби їстівні з високим вмістом крохмалю та інуліну,Хмельницька,0.5729,0.6425,0.7022,0.7119,0.7099
Коренеплоди та бульби їстівні з високим вмістом крохмалю та інуліну,Черкаська,0.9108,0.7629,0.8341,0.7957,0.7734
Коренеплоди та бульби їстівні з високим вмістом крохмалю та інуліну,Чернівецька,,,,,
Коренеплоди та бульби їстівні з високим вмістом крохмалю та інуліну,Чернігівська,1.0,1.0,1.0,0.9358,0.9282
Коренеплоди та бульби їстівні з високим вмістом крохмалю та інуліну,Вінницька,0.4748,0.4623,0.4464,0.55,0.3064
Коренеплоди та бульби їстівні з високим вмістом крохмалю та інуліну,Волинська,0.6166,0.5931,0.6061,0.562,
Коренеплоди та бульби їстівні з високим вмістом крохмалю та інуліну,Дніпропетровська,0.5776,0.6002,0.5478,0.5709,0.5878
Коренеплоди та бульби їстівні з високим вмістом крохмалю та інуліну,Донецька,0.4695,,0.4828,,
Коренеплоди та бульби їстівні з високим вмістом крохмалю та інуліну,Житомирська,0.6025,0.591,0.6059,0.5694,0.5964
Коренеплоди та бульби їстівні з високим вмістом крохмалю та інуліну,Закарпатська,,,,,
Коренеплоди та бульби їстівні з високим вмістом крохмалю та інуліну,Запорізька,,,0.3938,,
Коренеплоди та бульби їстівні з високим вмістом крохмалю та інуліну,Івано-Франківська,0.5115,0.5229,0.5975,0.6208,0.603
Коренеплоди та бульби їстівні з високим вмістом крохмалю та інуліну,Київська,0.6111,0.6078,0.6,0.5871,0.5504
Коренеплоди та бульби їстівні з високим вмістом крохмалю та інуліну,Кіровоградська,,,,,
Коренеплоди та бульби їстівні з високим вмістом крохмалю та інуліну,Луганська,,,,,
Коренеплоди та бульби їстівні з високим вмістом крохмалю та інуліну,Львівська,0.5785,0.5859,0.6013,0.6104,0.5776
Коренеплоди та бульби їстівні з високим вмістом крохмалю та інуліну,Миколаївська,0.4913,0.5555,0.5402,,
Коренеплоди та бульби їстівні з високим вмістом крохмалю та інуліну,Одеська,,0.5063,0.3956,0.5583,0.4435
Коренеплоди та бульби їстівні з високим вмістом крохмалю та інуліну,Полтавська,0.5703,0.5746,0.557,0.5646,0.5132
Коренеплоди та бульби їстівні з високим вмістом крохмалю та інуліну,Рівненська,0.4453,0.5374,0.589,0.412,0.3674
Коренеплоди та бульби їстівні з високим вмістом крохмалю та інуліну,Сумська,,0.6698,,0.6959,0.5158
Коренеплоди та бульби їстівні з високим вмістом крохмалю та інуліну,Тернопільська,0.4731,0.5362,0.5053,0.5733,0.5646
Коренеплоди та бульби їстівні з високим вмістом крохмалю та інуліну,Харківська,,,0.2737,,
Коренеплоди та бульби їстівні з високим вмістом крохмалю та інуліну,Херсонська,0.5544,0.5727,0.6208,,
Коренеплоди та бульби їстівні з високим вмістом крохмалю та інуліну,Хмельницька,0.554,0.5252,0.5283,0.4863,0.5482
Коренеплоди та бульби їстівні з високим вмістом крохмалю та інуліну,Черкаська,0.5703,0.5014,0.5811,0.5372,0.5404
Коренеплоди та бульби їстівні з високим вмістом крохмалю та інуліну,Чернівецька,,,,,
Коренеплоди та бульби їстівні з високим вмістом крохмалю та інуліну,Чернігівська,0.6212,0.5664,0.6231,0.559,0.5627
Коренеплоди та бульби їстівні з високим вмістом крохмалю та інуліну,Вінницька,0.4814,0.4858,0.4906,0.6345,0.3064
Коренеплоди та бульби їстівні з високим вмістом крохмалю та інуліну,Волинська,0.618,0.5964,0.6111,0.5901,
Коренеплоди та бульби їстівні з високим вмістом крохмалю та інуліну,Дніпропетровська,0.5868,0.6027,0.5508,0.5733,0.5929
Коренеплоди та бульби їстівні з високим вмістом крохмалю та інуліну,Донецька,0.4806,,0.4828,,
Коренеплоди та бульби їстівні з високим вмістом крохмалю та інуліну,Житомирська,0.6032,0.5966,0.6117,0.5788,0.5973
Коренеплоди та бульби їстівні з високим вмістом крохмалю та інуліну,Закарпатська,,,,,
Коренеплоди та бульби їстівні з високим вмістом крохмалю та інуліну,Запорізька,,,0.4992,,
Коренеплоди та бульби їстівні з високим вмістом крохмалю та інуліну,Івано-Франківська,0.5126,0.5229,0.5995,0.6208,0.6133
Коренеплоди та бульби їстівні з високим вмістом крохмалю та інуліну,Київська,0.617,0.6103,0.6016,0.5957,0.564
Коренеплоди та бульби їстівні з високим вмістом крохмалю та інуліну,Кіровоградська,,,,,
Коренеплоди та бульби їстівні з високим вмістом крохмалю та інуліну,Луганська,,,,,
Коренеплоди та бульби їстівні з високим вмістом крохмалю та інуліну,Львівська,0.5794,0.5859,0.6022,0.6108,0.5821
Коренеплоди та бульби їстівні з високим вмістом крохмалю та інуліну,Миколаївська,0.4822,0.5374,0.5415,,
Коренеплоди та бульби їстівні з високим вмістом крохмалю та інуліну,Одеська,,0.5063,0.4042,0.5753,0.4647
Коренеплоди та бульби їстівні з високим вмістом крохмалю та інуліну,Полтавська,0.577,0.5783,0.5892,0.5896,0.5474
Коренеплоди та бульби їстівні з високим вмістом крохмалю та інуліну,Рівненська,0.4464,0.5476,0.5991,0.4474,0.3764
Коренеплоди та бульби їстівні з високим вмістом крохмалю та інуліну,Сумська,,0.6698,,0.6959,0.5169
Коренеплоди та бульби їстівні з високим вмістом крохмалю та інуліну,Тернопільська,0.4756,0.5362,0.5427,0.5736,0.5668
Коренеплоди та бульби їстівні з високим вмістом крохмалю та інуліну,Харківська,,,0.4166,,
Коренеплоди та бульби їстівні з високим вмістом крохмалю та інуліну,Херсонська,0.5555,0.5713,0.6218,,
Коренеплоди та бульби їстівні з високим вмістом крохмалю та інуліну,Хмельницька,0.5618,0.5417,0.5342,0.5249,0.5522
Коренеплоди та бульби їстівні з високим вмістом крохмалю та інуліну,Черкаська,0.6132,0.5637,0.5825,0.5389,0.542
Коренеплоди та бульби їстівні з високим вмістом крохмалю та інуліну,Чернівецька,,,,,
Коренеплоди та бульби їстівні з високим вмістом крохмалю та інуліну,Чернігівська,0.6284,0.5738,0.631,0.573,0.5686
Коренеплоди та бульби їстівні з високим вмістом крохмалю та інуліну,Вінницька,0.0787,0.0581,0.0789,0.0691,0.0516
Коренеплоди та бульби їстівні з високим вмістом крохмалю та інуліну,Волинська,0.1628,0.1677,0.1517,0.156,
Коренеплоди та бульби їстівні з високим вмістом крохмалю та інуліну,Дніпропетровська,0.2136,0.2208,0.1833,0.2017,0.2114
Коренеплоди та бульби їстівні з високим вмістом крохмалю та інуліну,Донецька,0.1298,,0.2424,,
Коренеплоди та бульби їстівні з високим вмістом крохмалю та інуліну,Житомирська,0.1703,0.1779,0.171,0.1711,0.1918
Коренеплоди та бульби їстівні з високим вмістом крохмалю та інуліну,Закарпатська,,,,,
Коренеплоди та бульби їстівні з високим вмістом крохмалю та інуліну,Запорізька,,,0.168,,
Коренеплоди та бульби їстівні з високим вмістом крохмалю та інуліну,Івано-Франківська,0.2077,0.1801,0.2046,0.2162,0.203
Коренеплоди та бульби їстівні з високим вмістом крохмалю та інуліну,Київська,0.2184,0.2251,0.2284,0.2107,0.2262
Коренеплоди та бульби їстівні з високим вмістом крохмалю та інуліну,Кіровоградська,,,,,
Коренеплоди та бульби їстівні з високим вмістом крохмалю та інуліну,Луганська,,,,,
Коренеплоди та бульби їстівні з високим вмістом крохмалю та інуліну,Львівська,0.2027,0.1889,0.2312,0.2114,0.2182
Коренеплоди та бульби їстівні з високим вмістом крохмалю та інуліну,Миколаївська,0.2227,0.2592,0.2152,,
Коренеплоди та бульби їстівні з високим вмістом крохмалю та інуліну,Одеська,,0.1762,0.1558,0.2205,0.1404
Коренеплоди та бульби їстівні з високим вмістом крохмалю та інуліну,Полтавська,0.2722,0.258,0.2312,0.234,0.2214
Коренеплоди та бульби їстівні з високим вмістом крохмалю та інуліну,Рівненська,0.1097,0.064,0.1903,0.1262,0.1817
Коренеплоди та бульби їстівні з високим вмістом крохмалю та інуліну,Сумська,,0.2294,,0.2082,0.1869
Коренеплоди та бульби їстівні з високим вмістом крохмалю та інуліну,Тернопільська,0.1524,0.0606,0.0926,0.1862,0.2161
Коренеплоди та бульби їстівні з високим вмістом крохмалю та інуліну,Харківська,,,0.0199,,
Коренеплоди та бульби їстівні з високим вмістом крохмалю та інуліну,Херсонська,0.1458,0.206,0.1993,,
Коренеплоди та бульби їстівні з високим вмістом крохмалю та інуліну,Хмельницька,0.1445,0.1775,0.2014,0.1742,0.2131
Коренеплоди та бульби їстівні з високим вмістом крохмалю та інуліну,Черкаська,0.2392,0.152,0.217,0.1835,0.1855
Коренеплоди та бульби їстівні з високим вмістом крохмалю та інуліну,Чернівецька,,,,,
Коренеплоди та бульби їстівні з високим вмістом крохмалю та інуліну,Чернігівська,0.2071,0.204,0.1871,0.1599,0.1742
Коренеплоди та бульби їстівні з високим вмістом крохмалю та інуліну,Вінницька,0.0848,0.0622,0.1047,0.1085,0.0681
Коренеплоди та бульби їстівні з високим вмістом крохмалю та інуліну,Волинська,0.1653,0.1823,0.1556,0.1621,
Коренеплоди та бульби їстівні з високим вмістом крохмалю та інуліну,Дніпропетровська,0.2241,0.2235,0.1863,0.2046,0.215
Коренеплоди та бульби їстівні з високим вмістом крохмалю та інуліну,Донецька,0.1371,,0.2424,,
Коренеплоди та бульби їстівні з високим вмістом крохмалю та інуліну,Житомирська,0.1712,0.1827,0.1752,0.1784,0.1924
Коренеплоди та бульби їстівні з високим вмістом крохмалю та інуліну,Закарпатська,,,,,
Коренеплоди та бульби їстівні з високим вмістом крохмалю та інуліну,Запорізька,,,0.1727,,
Коренеплоди та бульби їстівні з високим вмістом крохмалю та інуліну,Івано-Франківська,0.2086,0.1801,0.2065,0.2162,0.203
Коренеплоди та бульби їстівні з високим вмістом крохмалю та інуліну,Київська,0.2231,0.227,0.2292,0.2174,0.2365
Коренеплоди та бульби їстівні з високим вмістом крохмалю та інуліну,Кіровоградська,,,,,
Коренеплоди та бульби їстівні з високим вмістом крохмалю та інуліну,Луганська,,,,,
Коренеплоди та бульби їстівні з високим вмістом крохмалю та інуліну,Львівська,0.2052,0.1887,0.232,0.2118,0.2205
Коренеплоди та бульби їстівні з високим вмістом крохмалю та інуліну,Миколаївська,0.2139,0.248,0.2136,,
Коренеплоди та бульби їстівні з високим вмістом крохмалю та інуліну,Одеська,,0.182,0.1627,0.2316,0.1766
Коренеплоди та бульби їстівні з високим вмістом крохмалю та інуліну,Полтавська,0.2751,0.2634,0.2595,0.2567,0.2492
Коренеплоди та бульби їстівні з високим вмістом крохмалю та інуліну,Рівненська,0.1164,0.0748,0.1973,0.1418,0.1896
Коренеплоди та бульби їстівні з високим вмістом крохмалю та інуліну,Сумська,,0.2297,,0.2085,0.1871
Коренеплоди та бульби їстівні з високим вмістом крохмалю та інуліну,Тернопільська,0.1526,0.1011,0.1146,0.1872,0.2185
Коренеплоди та бульби їстівні з високим вмістом крохмалю та інуліну,Харківська,,,0.0671,,
Коренеплоди та бульби їстівні з високим вмістом крохмалю та інуліну,Херсонська,0.161,0.2066,0.2043,,
Коренеплоди та бульби їстівні з високим вмістом крохмалю та інуліну,Хмельницька,0.1506,0.1814,0.2062,0.1943,0.2149
Коренеплоди та бульби їстівні з високим вмістом крохмалю та інуліну,Черкаська,0.2398,0.2058,0.219,0.1854,0.1872
Коренеплоди та бульби їстівні з високим вмістом крохмалю та інуліну,Чернівецька,,,,,
Коренеплоди та бульби їстівні з високим вмістом крохмалю та інуліну,Чернігівська,0.2138,0.2093,0.1947,0.1692,0.1756
