Культура,Територіальний розріз,2019,2020,2021,2022,2023,Crop,SCOR,Region
Пшениця,Вінницька,0.2709,0.2852,0.2566,0.3118,0.2967,Пшениця,0.28424,Vinnytska oblast
Пшениця,Волинська,0.2013,0.2188,0.2286,0.2445,0.211,Пшениця,0.22084,Volynska oblast
Пшениця,Дніпропетровська,0.284,0.3,0.3019,0.3139,0.258,Пшениця,0.29156,Dnipropetrovska oblast
Пшениця,Донецька,0.2896,0.2773,0.2926,0.1791,0.1105,Пшениця,0.22982,Donetska oblast
Пшениця,Житомирська,0.1909,0.2072,0.2019,0.2189,0.1667,Пшениця,0.19712,Zhytomyrska oblast
Пшениця,Закарпатська,0.0184,0.0146,0.0109,0.0327,0.0,Пшениця,0.01532,Zakarpatska oblast
Пшениця,Запорізька,0.2908,0.2988,0.3026,0.1939,0.1282,Пшениця,0.24286000000000002,Zaporizka oblast
Пшениця,Івано-Франківська,0.1252,0.1446,0.1071,0.1416,0.1125,Пшениця,0.1262,Ivano-Frankivska oblast
Пшениця,Київська,0.216,0.2136,0.2282,0.2352,0.2259,Пшениця,0.22378,Kyivska oblast
Пшениця,Кіровоградська,0.2464,0.2773,0.2748,0.271,0.2523,Пшениця,0.26436000000000004,Kirovohradska oblast
Пшениця,Луганська,0.2545,0.2552,0.2568,0.0224,,Пшениця,0.19722499999999998,Luhanska oblast
Пшениця,Львівська,0.1803,0.2128,0.1952,0.2284,0.2069,Пшениця,0.20472,Lvivska oblast
Пшениця,Миколаївська,0.2672,0.2838,0.3057,0.2821,0.2389,Пшениця,0.27554,Mykolaivska oblast
Пшениця,Одеська,0.3021,0.2974,0.2868,0.294,0.259,Пшениця,0.28785999999999995,Odeska oblast
Пшениця,Полтавська,0.2083,0.2211,0.2254,0.2368,0.2018,Пшениця,0.21868000000000004,Poltavska oblast
Пшениця,Рівненська,0.1766,0.1855,0.1647,0.162,0.1503,Пшениця,0.16782,Rivnenska oblast
Пшениця,Сумська,0.2289,0.2339,0.2225,0.2605,0.2397,Пшениця,0.2371,Sumska oblast
Пшениця,Тернопільська,0.2547,0.2532,0.233,0.2761,0.2662,Пшениця,0.25664,Ternopilska oblast
Пшениця,Харківська,0.2897,0.3016,0.3038,0.2552,0.1978,Пшениця,0.26962,Kharkivska oblast
Пшениця,Херсонська,0.2318,0.2736,0.2507,0.0943,0.0072,Пшениця,0.17152,Khersonska oblast
Пшениця,Хмельницька,0.2513,0.2552,0.2378,0.2696,0.261,Пшениця,0.25498000000000004,Khmelnytska oblast
Пшениця,Черкаська,0.2149,0.2094,0.2225,0.2657,0.2229,Пшениця,0.22708000000000003,Cherkaska oblast
Пшениця,Чернівецька,0.0814,0.0955,0.0796,0.0988,0.0855,Пшениця,0.08816,Chernivetska oblast
Пшениця,Чернігівська,0.2334,0.2316,0.2444,0.231,0.2421,Пшениця,0.23650000000000002,Chernihivska oblast
Пшениця,Вінницька,1.0,1.0,0.9695,1.0,0.9992,Пшениця,0.9937400000000001,Vinnytska oblast
Пшениця,Волинська,0.9335,0.9363,0.9246,0.9484,0.9356,Пшениця,0.93568,Volynska oblast
Пшениця,Дніпропетровська,0.9848,0.9904,0.9858,0.9976,0.9879,Пшениця,0.9893000000000001,Dnipropetrovska oblast
Пшениця,Донецька,0.9527,0.9503,0.9579,0.8604,0.8418,Пшениця,0.9126200000000001,Donetska oblast
Пшениця,Житомирська,0.9329,0.9417,0.9083,0.9217,0.917,Пшениця,0.92432,Zhytomyrska oblast
Пшениця,Закарпатська,0.6262,0.6354,0.6094,0.6648,0.5748,Пшениця,0.62212,Zakarpatska oblast
Пшениця,Запорізька,0.9831,0.99,1.0,0.8742,0.836,Пшениця,0.93666,Zaporizka oblast
Пшениця,Івано-Франківська,0.8798,0.8675,0.8356,0.8614,0.8491,Пшениця,0.85868,Ivano-Frankivska oblast
Пшениця,Київська,0.9569,0.9512,0.9525,0.9532,0.9594,Пшениця,0.9546400000000002,Kyivska oblast
Пшениця,Кіровоградська,0.9663,0.9667,0.9606,0.9872,0.9923,Пшениця,0.97462,Kirovohradska oblast
Пшениця,Луганська,0.9216,0.9384,0.9195,0.5546,,Пшениця,0.8335249999999998,Luhanska oblast
Пшениця,Львівська,0.9463,0.9445,0.9034,0.9207,0.924,Пшениця,0.92778,Lvivska oblast
Пшениця,Миколаївська,0.9628,0.956,0.9513,0.9595,0.9533,Пшениця,0.95658,Mykolaivska oblast
Пшениця,Одеська,0.9767,0.9635,0.9814,0.9942,1.0,Пшениця,0.98316,Odeska oblast
Пшениця,Полтавська,0.9227,0.9257,0.9221,0.9604,0.9565,Пшениця,0.9374799999999999,Poltavska oblast
Пшениця,Рівненська,0.8958,0.8921,0.8931,0.9166,0.8822,Пшениця,0.89596,Rivnenska oblast
Пшениця,Сумська,0.9464,0.9408,0.9296,0.9516,0.943,Пшениця,0.9422799999999999,Sumska oblast
Пшениця,Тернопільська,0.9782,0.9582,0.9333,0.9739,0.9753,Пшениця,0.9637800000000001,Ternopilska oblast
Пшениця,Харківська,0.9968,0.9992,0.9849,0.9651,0.9371,Пшениця,0.9766200000000002,Kharkivska oblast
Пшениця,Херсонська,0.9564,0.9618,0.9661,0.7335,0.6678,Пшениця,0.8571199999999999,Khersonska oblast
Пшениця,Хмельницька,0.9966,0.9742,0.9505,0.992,0.9915,Пшениця,0.9809599999999999,Khmelnytska oblast
Пшениця,Черкаська,0.9461,0.9421,0.9372,0.9627,0.9556,Пшениця,0.9487400000000001,Cherkaska oblast
Пшениця,Чернівецька,0.847,0.8043,0.7874,0.8192,0.7974,Пшениця,0.81106,Chernivetska oblast
Пшениця,Чернігівська,0.9467,0.937,0.9517,0.9423,0.9761,Пшениця,0.95076,Chernihivska oblast
Пшениця,Вінницька,0.3847,0.4055,0.3766,0.4326,0.4229,Пшениця,0.40446,Vinnytska oblast
Пшениця,Волинська,0.4103,0.4296,0.4401,0.458,0.4401,Пшениця,0.43562,Volynska oblast
Пшениця,Дніпропетровська,0.3581,0.381,0.3735,0.3909,0.3606,Пшениця,0.37282000000000004,Dnipropetrovska oblast
Пшениця,Донецька,0.3908,0.3815,0.3881,0.3405,0.3327,Пшениця,0.36672000000000005,Donetska oblast
Пшениця,Житомирська,0.3683,0.3847,0.3795,0.3951,0.3643,Пшениця,0.37838000000000005,Zhytomyrska oblast
Пшениця,Закарпатська,0.4081,0.4231,0.4394,0.4337,0.3213,Пшениця,0.40512,Zakarpatska oblast
Пшениця,Запорізька,0.3553,0.3656,0.3637,0.3745,0.3366,Пшениця,0.35914,Zaporizka oblast
Пшениця,Івано-Франківська,0.3927,0.4124,0.4078,0.4232,0.4144,Пшениця,0.4101,Ivano-Frankivska oblast
Пшениця,Київська,0.3707,0.3771,0.3775,0.3838,0.3912,Пшениця,0.38005999999999995,Kyivska oblast
Пшениця,Кіровоградська,0.3601,0.3975,0.3756,0.376,0.3753,Пшениця,0.37689999999999996,Kirovohradska oblast
Пшениця,Луганська,0.3753,0.3782,0.3766,0.3393,,Пшениця,0.36735,Luhanska oblast
Пшениця,Львівська,0.3665,0.4094,0.3985,0.4284,0.4233,Пшениця,0.4052200000000001,Lvivska oblast
Пшениця,Миколаївська,0.3588,0.3799,0.3914,0.3884,0.3557,Пшениця,0.37484,Mykolaivska oblast
Пшениця,Одеська,0.3701,0.3821,0.3506,0.3615,0.3366,Пшениця,0.36018,Odeska oblast
Пшениця,Полтавська,0.3517,0.3694,0.3608,0.3666,0.3537,Пшениця,0.36044,Poltavska oblast
Пшениця,Рівненська,0.4089,0.4253,0.3935,0.3945,0.4124,Пшениця,0.40692000000000006,Rivnenska oblast
Пшениця,Сумська,0.3806,0.3916,0.3699,0.4115,0.4077,Пшениця,0.39226,Sumska oblast
Пшениця,Тернопільська,0.4085,0.415,0.4015,0.4362,0.4454,Пшениця,0.42132,Ternopilska oblast
Пшениця,Харківська,0.3594,0.3731,0.3655,0.3615,0.3527,Пшениця,0.36244,Kharkivska oblast
Пшениця,Херсонська,0.3345,0.3713,0.3457,0.3333,0.2944,Пшениця,0.33583999999999997,Khersonska oblast
Пшениця,Хмельницька,0.379,0.3911,0.3785,0.4086,0.4077,Пшениця,0.39298,Khmelnytska oblast
Пшениця,Черкаська,0.373,0.3771,0.3682,0.4166,0.3851,Пшениця,0.384,Cherkaska oblast
Пшениця,Чернівецька,0.3389,0.3815,0.3741,0.3871,0.395,Пшениця,0.37532,Chernivetska oblast
Пшениця,Чернігівська,0.3847,0.3984,0.395,0.3921,0.3975,Пшениця,0.39353999999999995,Chernihivska oblast
Пшениця,Вінницька,0.3871,0.4071,0.3814,0.4341,0.4268,Пшениця,0.40729999999999994,Vinnytska oblast
Пшениця,Волинська,0.4117,0.4314,0.4407,0.4599,0.4412,Пшениця,0.43698,Volynska oblast
Пшениця,Дніпропетровська,0.3621,0.3836,0.3746,0.3968,0.3643,Пшениця,0.37628000000000006,Dnipropetrovska oblast
Пшениця,Донецька,0.3935,0.3857,0.3906,0.3658,0.3473,Пшениця,0.37658,Donetska oblast
Пшениця,Житомирська,0.3753,0.3925,0.3854,0.4066,0.3737,Пшениця,0.3867,Zhytomyrska oblast
Пшениця,Закарпатська,0.4159,0.4263,0.4398,0.4373,0.3391,Пшениця,0.41168000000000005,Zakarpatska oblast
Пшениця,Запорізька,0.3588,0.3675,0.3655,0.3824,0.3415,Пшениця,0.36314,Zaporizka oblast
Пшениця,Івано-Франківська,0.3944,0.416,0.4101,0.4244,0.4144,Пшениця,0.41186,Ivano-Frankivska oblast
Пшениця,Київська,0.3736,0.3799,0.3795,0.3884,0.3987,Пшениця,0.38402000000000003,Kyivska oblast
Пшениця,Кіровоградська,0.3627,0.3997,0.3795,0.3803,0.38,Пшениця,0.38044,Kirovohradska oblast
Пшениця,Луганська,0.3769,0.3799,0.3771,0.3588,,Пшениця,0.37317500000000003,Luhanska oblast
Пшениця,Львівська,0.3695,0.4109,0.4011,0.43,0.4263,Пшениця,0.40756,Lvivska oblast
Пшениця,Миколаївська,0.3627,0.3826,0.3954,0.3985,0.3634,Пшениця,0.38052,Mykolaivska oblast
Пшениця,Одеська,0.3747,0.3782,0.3558,0.3707,0.3484,Пшениця,0.36556,Odeska oblast
Пшениця,Полтавська,0.3553,0.3731,0.3626,0.3715,0.3597,Пшениця,0.36444,Poltavska oblast
Пшениця,Рівненська,0.4121,0.4287,0.395,0.3963,0.4164,Пшениця,0.40969999999999995,Rivnenska oblast
Пшениця,Сумська,0.3811,0.3925,0.3699,0.4144,0.4104,Пшениця,0.39366,Sumska oblast
Пшениця,Тернопільська,0.4092,0.4171,0.405,0.4404,0.4559,Пшениця,0.42552,Ternopilska oblast
Пшениця,Харківська,0.3614,0.3766,0.3699,0.3782,0.3625,Пшениця,0.36972,Kharkivska oblast
Пшениця,Херсонська,0.3456,0.3799,0.3539,0.3649,0.2965,Пшениця,0.34816,Khersonska oblast
Пшениця,Хмельницька,0.3806,0.3925,0.3809,0.4106,0.4093,Пшениця,0.39478,Khmelnytska oblast
Пшениця,Черкаська,0.3758,0.3777,0.3715,0.4202,0.3878,Пшениця,0.38659999999999994,Cherkaska oblast
Пшениця,Чернівецька,0.3431,0.3862,0.3795,0.3915,0.4004,Пшениця,0.38014000000000003,Chernivetska oblast
Пшениця,Чернігівська,0.3871,0.4006,0.3966,0.3963,0.3999,Пшениця,0.3961,Chernihivska oblast
Пшениця,Вінницька,0.0317,0.0319,0.0238,0.045,0.0467,Пшениця,0.03582,Vinnytska oblast
Пшениця,Волинська,0.0509,0.0491,0.0523,0.0692,0.0708,Пшениця,0.05846,Volynska oblast
Пшениця,Дніпропетровська,0.0058,0.0084,0.008,0.0253,0.0321,Пшениця,0.01592,Dnipropetrovska oblast
Пшениця,Донецька,0.0039,0.0022,0.0065,0.0117,0.0298,Пшениця,0.01082,Donetska oblast
Пшениця,Житомирська,0.0317,0.0326,0.0231,0.0357,0.0462,Пшениця,0.033859999999999994,Zhytomyrska oblast
Пшениця,Закарпатська,0.0127,0.0232,0.0306,0.0517,0.0401,Пшениця,0.03166,Zakarpatska oblast
Пшениця,Запорізька,0.0016,0.0029,0.0097,0.0202,0.0212,Пшениця,0.01112,Zaporizka oblast
Пшениця,Івано-Франківська,0.0588,0.045,0.0598,0.0648,0.0723,Пшениця,0.06013999999999999,Ivano-Frankivska oblast
Пшениця,Київська,0.0317,0.0299,0.0307,0.0371,0.0477,Пшениця,0.03542,Kyivska oblast
Пшениця,Кіровоградська,0.0153,0.0152,0.0101,0.0325,0.0424,Пшениця,0.0231,Kirovohradska oblast
Пшениця,Луганська,0.0,0.0049,0.0012,0.0,,Пшениця,0.0015249999999999999,Luhanska oblast
Пшениця,Львівська,0.0453,0.0455,0.0349,0.0466,0.057,Пшениця,0.04586,Lvivska oblast
Пшениця,Миколаївська,0.0042,0.0014,0.0,0.0223,0.0251,Пшениця,0.010600000000000002,Mykolaivska oblast
Пшениця,Одеська,0.0005,0.0,0.003,0.0209,0.027,Пшениця,0.010280000000000001,Odeska oblast
Пшениця,Полтавська,0.0097,0.0104,0.0088,0.0322,0.0406,Пшениця,0.02034,Poltavska oblast
Пшениця,Рівненська,0.0426,0.0408,0.0455,0.065,0.0627,Пшениця,0.05132000000000001,Rivnenska oblast
Пшениця,Сумська,0.0241,0.0213,0.0179,0.0372,0.0413,Пшениця,0.028359999999999996,Sumska oblast
Пшениця,Тернопільська,0.0426,0.0321,0.0308,0.0522,0.0627,Пшениця,0.044079999999999994,Ternopilska oblast
Пшениця,Харківська,0.0087,0.0081,0.0037,0.0246,0.034,Пшениця,0.01582,Kharkivska oblast
Пшениця,Херсонська,0.0063,0.004,0.01,0.0058,0.027,Пшениця,0.01062,Khersonska oblast
Пшениця,Хмельницька,0.038,0.0268,0.025,0.0507,0.0541,Пшениця,0.038919999999999996,Khmelnytska oblast
Пшениця,Черкаська,0.0277,0.0276,0.0208,0.042,0.0447,Пшениця,0.03256,Cherkaska oblast
Пшениця,Чернівецька,0.0385,0.0261,0.0305,0.0507,0.0526,Пшениця,0.03968000000000001,Chernivetska oblast
Пшениця,Чернігівська,0.0241,0.0241,0.0311,0.0379,0.051,Пшениця,0.033639999999999996,Chernihivska oblast
Пшениця,Вінницька,0.035,0.0344,0.028,0.0471,0.0485,Пшениця,0.0386,Vinnytska oblast
Пшениця,Волинська,0.0544,0.0508,0.0533,0.0705,0.0716,Пшениця,0.06011999999999999,Volynska oblast
Пшениця,Дніпропетровська,0.0093,0.0109,0.0102,0.0285,0.0338,Пшениця,0.01854,Dnipropetrovska oblast
Пшениця,Донецька,0.0061,0.0055,0.0091,0.0219,0.0337,Пшениця,0.015260000000000001,Donetska oblast
Пшениця,Житомирська,0.038,0.0397,0.0275,0.0426,0.0504,Пшениця,0.039639999999999995,Zhytomyrska oblast
Пшениця,Закарпатська,0.0178,0.0268,0.0324,0.0638,0.0404,Пшениця,0.036239999999999994,Zakarpatska oblast
Пшениця,Запорізька,0.0035,0.0044,0.0112,0.024,0.0225,Пшениця,0.013119999999999998,Zaporizka oblast
Пшениця,Івано-Франківська,0.0605,0.0469,0.0619,0.066,0.0726,Пшениця,0.06158,Ivano-Frankivska oblast
Пшениця,Київська,0.035,0.0329,0.033,0.0396,0.0503,Пшениця,0.038160000000000006,Kyivska oblast
Пшениця,Кіровоградська,0.0177,0.0176,0.0132,0.036,0.0447,Пшениця,0.025839999999999995,Kirovohradska oblast
Пшениця,Луганська,0.0016,0.0065,0.0021,0.0032,,Пшениця,0.0033499999999999997,Luhanska oblast
Пшениця,Львівська,0.0475,0.0473,0.0372,0.0476,0.0578,Пшениця,0.04748,Lvivska oblast
Пшениця,Миколаївська,0.0082,0.0036,0.0038,0.0267,0.0281,Пшениця,0.01408,Mykolaivska oblast
Пшениця,Одеська,0.0053,0.0018,0.0067,0.0254,0.0315,Пшениця,0.01414,Odeska oblast
Пшениця,Полтавська,0.0128,0.0126,0.0105,0.0346,0.043,Пшениця,0.0227,Poltavska oblast
Пшениця,Рівненська,0.0459,0.0431,0.0472,0.0667,0.0641,Пшениця,0.05339999999999999,Rivnenska oblast
Пшениця,Сумська,0.0259,0.0228,0.0191,0.0393,0.0421,Пшениця,0.02984,Sumska oblast
Пшениця,Тернопільська,0.0446,0.0377,0.0337,0.0546,0.0693,Пшениця,0.04798,Ternopilska oblast
Пшениця,Харківська,0.0109,0.0104,0.0067,0.032,0.0373,Пшениця,0.019459999999999998,Kharkivska oblast
Пшениця,Херсонська,0.0124,0.0082,0.0143,0.0247,0.0283,Пшениця,0.017580000000000002,Khersonska oblast
Пшениця,Хмельницька,0.0406,0.0286,0.0271,0.0524,0.0549,Пшениця,0.04072,Khmelnytska oblast
Пшениця,Черкаська,0.0301,0.0293,0.0228,0.0443,0.0457,Пшениця,0.03444,Cherkaska oblast
Пшениця,Чернівецька,0.0433,0.0291,0.0347,0.0533,0.0543,Пшениця,0.04294,Chernivetska oblast
Пшениця,Чернігівська,0.0274,0.0266,0.0335,0.0415,0.0527,Пшениця,0.03634,Chernihivska oblast
Кукурудза,Вінницька,0.269,0.2763,0.2481,0.3117,0.2722,Кукурудза,0.27546,Vinnytska oblast
Кукурудза,Волинська,0.116,0.1539,0.1626,0.1961,0.1479,Кукурудза,0.15530000000000002,Volynska oblast
Кукурудза,Дніпропетровська,0.1573,0.1688,0.1449,0.1628,0.1271,Кукурудза,0.15217999999999998,Dnipropetrovska oblast
Кукурудза,Донецька,0.0246,0.0384,0.0431,0.0,,Кукурудза,0.026525,Donetska oblast
Кукурудза,Житомирська,0.2171,0.2228,0.2315,0.2243,0.2245,Кукурудза,0.22403999999999996,Zhytomyrska oblast
Кукурудза,Закарпатська,0.0432,0.0262,0.0356,0.0255,0.0337,Кукурудза,0.03284,Zakarpatska oblast
Кукурудза,Запорізька,0.0726,0.0835,0.0946,0.0058,0.0,Кукурудза,0.05130000000000001,Zaporizka oblast
Кукурудза,Івано-Франківська,0.0863,0.1038,0.1316,0.1236,0.1184,Кукурудза,0.11273999999999999,Ivano-Frankivska oblast
Кукурудза,Київська,0.2545,0.2623,0.2699,0.2691,0.2228,Кукурудза,0.25572,Kyivska oblast
Кукурудза,Кіровоградська,0.2278,0.2497,0.2099,0.2167,0.1771,Кукурудза,0.21624,Kirovohradska oblast
Кукурудза,Луганська,0.0687,0.0662,0.0691,,,Кукурудза,0.06799999999999999,Luhanska oblast
Кукурудза,Львівська,0.1127,0.136,0.1677,0.1779,0.1627,Кукурудза,0.15140000000000003,Lvivska oblast
Кукурудза,Миколаївська,0.0993,0.0787,0.0946,0.1039,0.0572,Кукурудза,0.08674,Mykolaivska oblast
Кукурудза,Одеська,0.1232,0.1368,0.1518,0.1296,0.0989,Кукурудза,0.12806,Odeska oblast
Кукурудза,Полтавська,0.2799,0.2811,0.2691,0.2631,0.2288,Кукурудза,0.2644,Poltavska oblast
Кукурудза,Рівненська,0.1436,0.1652,0.1863,0.1686,0.1565,Кукурудза,0.16404,Rivnenska oblast
Кукурудза,Сумська,0.2892,0.2879,0.2748,0.2902,0.2391,Кукурудза,0.27624,Sumska oblast
Кукурудза,Тернопільська,0.1756,0.2082,0.2216,0.2361,0.2061,Кукурудза,0.20952,Ternopilska oblast
Кукурудза,Харківська,0.1932,0.1927,0.1819,0.1574,0.1402,Кукурудза,0.17308,Kharkivska oblast
Кукурудза,Херсонська,0.0863,0.1345,0.1135,,,Кукурудза,0.11143333333333333,Khersonska oblast
Кукурудза,Хмельницька,0.2072,0.2542,0.2574,0.2521,0.2362,Кукурудза,0.24142000000000002,Khmelnytska oblast
Кукурудза,Черкаська,0.261,0.2673,0.2428,0.2893,0.2492,Кукурудза,0.26192000000000004,Cherkaska oblast
Кукурудза,Чернівецька,0.0133,0.0295,0.0563,0.0729,0.0375,Кукурудза,0.0419,Chernivetska oblast
Кукурудза,Чернігівська,0.3102,0.3187,0.308,0.2872,0.3697,Кукурудза,0.31876,Chernihivska oblast
Кукурудза,Вінницька,0.9585,0.9432,0.9238,0.9869,0.9786,Кукурудза,0.9581999999999999,Vinnytska oblast
Кукурудза,Волинська,0.7957,0.7818,0.7942,0.8583,0.8249,Кукурудза,0.81098,Volynska oblast
Кукурудза,Дніпропетровська,0.8816,0.8606,0.8382,0.8934,0.8812,Кукурудза,0.8709999999999999,Dnipropetrovska oblast
Кукурудза,Донецька,0.7484,0.7329,0.6817,0.6015,,Кукурудза,0.6911250000000001,Donetska oblast
Кукурудза,Житомирська,0.9212,0.9093,0.8971,0.9326,0.9424,Кукурудза,0.92052,Zhytomyrska oblast
Кукурудза,Закарпатська,0.7522,0.6883,0.7334,0.7401,0.672,Кукурудза,0.7172000000000001,Zakarpatska oblast
Кукурудза,Запорізька,0.7609,0.7423,0.7506,0.6747,0.654,Кукурудза,0.7165,Zaporizka oblast
Кукурудза,Івано-Франківська,0.7617,0.7634,0.8057,0.8215,0.8382,Кукурудза,0.7981,Ivano-Frankivska oblast
Кукурудза,Київська,0.9605,0.9474,0.9338,0.9898,0.966,Кукурудза,0.9595,Kyivska oblast
Кукурудза,Кіровоградська,0.93,0.9113,0.8907,0.9549,0.9448,Кукурудза,0.92634,Kirovohradska oblast
Кукурудза,Луганська,0.7707,0.7441,0.7261,,,Кукурудза,0.7469666666666667,Luhanska oblast
Кукурудза,Львівська,0.8351,0.8472,0.8598,0.9085,0.8917,Кукурудза,0.86846,Lvivska oblast
Кукурудза,Миколаївська,0.7703,0.7707,0.7642,0.7916,0.7774,Кукурудза,0.77484,Mykolaivska oblast
Кукурудза,Одеська,0.7828,0.773,0.7641,0.8312,0.8284,Кукурудза,0.7958999999999999,Odeska oblast
Кукурудза,Полтавська,0.9923,0.9755,0.9548,0.9986,0.9927,Кукурудза,0.98278,Poltavska oblast
Кукурудза,Рівненська,0.8593,0.8557,0.8688,0.8862,0.8705,Кукурудза,0.8681000000000001,Rivnenska oblast
Кукурудза,Сумська,0.9914,0.9847,0.9722,0.9859,0.9803,Кукурудза,0.9828999999999999,Sumska oblast
Кукурудза,Тернопільська,0.8688,0.8793,0.8876,0.9122,0.9045,Кукурудза,0.8904799999999999,Ternopilska oblast
Кукурудза,Харківська,0.9109,0.8916,0.8693,0.8917,0.9095,Кукурудза,0.8946000000000002,Kharkivska oblast
Кукурудза,Херсонська,0.7544,0.7368,0.7463,,,Кукурудза,0.7458333333333332,Khersonska oblast
Кукурудза,Хмельницька,0.9301,0.9506,0.9244,0.9851,0.9482,Кукурудза,0.9476800000000001,Khmelnytska oblast
Кукурудза,Черкаська,0.966,0.9592,0.9333,0.9889,0.9853,Кукурудза,0.96654,Cherkaska oblast
Кукурудза,Чернівецька,0.693,0.6822,0.7059,0.7798,0.723,Кукурудза,0.71678,Chernivetska oblast
Кукурудза,Чернігівська,1.0,1.0,1.0,1.0,1.0,Кукурудза,1.0,Chernihivska oblast
Кукурудза,Вінницька,0.3616,0.3626,0.325,0.4109,0.3859,Кукурудза,0.36920000000000003,Vinnytska oblast
Кукурудза,Волинська,0.3807,0.4034,0.387,0.4319,0.3832,Кукурудза,0.39724,Volynska oblast
Кукурудза,Дніпропетровська,0.3234,0.3438,0.3171,0.3468,0.3224,Кукурудза,0.3307,Dnipropetrovska oblast
Кукурудза,Донецька,0.2903,0.3128,0.3239,0.3245,,Кукурудза,0.312875,Donetska oblast
Кукурудза,Житомирська,0.347,0.3452,0.3439,0.3749,0.3689,Кукурудза,0.35597999999999996,Zhytomyrska oblast
Кукурудза,Закарпатська,0.3527,0.3206,0.3302,0.3206,0.3375,Кукурудза,0.33232,Zakarpatska oblast
Кукурудза,Запорізька,0.3527,0.3599,0.3558,0.3318,0.3119,Кукурудза,0.34242,Zaporizka oblast
Кукурудза,Івано-Франківська,0.3501,0.3638,0.3503,0.3739,0.3689,Кукурудза,0.3614,Ivano-Frankivska oblast
Кукурудза,Київська,0.3464,0.3472,0.3586,0.3692,0.3451,Кукурудза,0.3533,Kyivska oblast
Кукурудза,Кіровоградська,0.3283,0.35,0.32,0.3369,0.3085,Кукурудза,0.32874,Kirovohradska oblast
Кукурудза,Луганська,0.3072,0.2932,0.3068,,,Кукурудза,0.3024,Luhanska oblast
Кукурудза,Львівська,0.3373,0.3603,0.3551,0.3744,0.3741,Кукурудза,0.36024,Lvivska oblast
Кукурудза,Миколаївська,0.3255,0.3089,0.3307,0.3618,0.3131,Кукурудза,0.328,Mykolaivska oblast
Кукурудза,Одеська,0.3196,0.3307,0.3447,0.3133,0.3012,Кукурудза,0.3219,Odeska oblast
Кукурудза,Полтавська,0.3296,0.3319,0.32,0.3344,0.3097,Кукурудза,0.32511999999999996,Poltavska oblast
Кукурудза,Рівненська,0.3348,0.3664,0.3547,0.3734,0.3913,Кукурудза,0.36412,Rivnenska oblast
Кукурудза,Сумська,0.3663,0.357,0.3387,0.3951,0.3501,Кукурудза,0.36144000000000004,Sumska oblast
Кукурудза,Тернопільська,0.3659,0.3755,0.3655,0.4131,0.3925,Кукурудза,0.3825,Ternopilska oblast
Кукурудза,Харківська,0.3296,0.3277,0.3095,0.3446,0.3141,Кукурудза,0.3251,Kharkivska oblast
Кукурудза,Херсонська,0.3506,0.3992,0.348,,,Кукурудза,0.3659333333333333,Khersonska oblast
Кукурудза,Хмельницька,0.342,0.3642,0.3537,0.3774,0.3836,Кукурудза,0.36418,Khmelnytska oblast
Кукурудза,Черкаська,0.3448,0.3457,0.3271,0.3883,0.3535,Кукурудза,0.35187999999999997,Cherkaska oblast
Кукурудза,Чернівецька,0.3173,0.3626,0.3396,0.3708,0.348,Кукурудза,0.34765999999999997,Chernivetska oblast
Кукурудза,Чернігівська,0.3683,0.3731,0.36,0.3739,0.4527,Кукурудза,0.3856,Chernihivska oblast
Кукурудза,Вінницька,0.3663,0.3646,0.3331,0.4134,0.3949,Кукурудза,0.37446,Vinnytska oblast
Кукурудза,Волинська,0.3807,0.4093,0.3877,0.4348,0.3867,Кукурудза,0.39984000000000003,Volynska oblast
Кукурудза,Дніпропетровська,0.331,0.3491,0.3217,0.3576,0.3325,Кукурудза,0.33838,Dnipropetrovska oblast
Кукурудза,Донецька,0.2997,0.3186,0.3312,0.3642,,Кукурудза,0.328425,Donetska oblast
Кукурудза,Житомирська,0.3517,0.35,0.3472,0.3802,0.3731,Кукурудза,0.36044,Zhytomyrska oblast
Кукурудза,Закарпатська,0.3561,0.3206,0.3336,0.3206,0.3383,Кукурудза,0.33384,Zakarpatska oblast
Кукурудза,Запорізька,0.3616,0.3646,0.3593,0.3393,0.3325,Кукурудза,0.35146,Zaporizka oblast
Кукурудза,Івано-Франківська,0.3522,0.3646,0.3533,0.3754,0.3689,Кукурудза,0.36288,Ivano-Frankivska oblast
Кукурудза,Київська,0.3506,0.35,0.3606,0.3769,0.3501,Кукурудза,0.35764,Kyivska oblast
Кукурудза,Кіровоградська,0.3348,0.3566,0.3255,0.3475,0.3204,Кукурудза,0.33696000000000004,Kirovohradska oblast
Кукурудза,Луганська,0.3149,0.3006,0.3102,,,Кукурудза,0.30856666666666666,Luhanska oblast
Кукурудза,Львівська,0.3367,0.3611,0.3629,0.3764,0.38,Кукурудза,0.36341999999999997,Lvivska oblast
Кукурудза,Миколаївська,0.3336,0.315,0.336,0.3769,0.3367,Кукурудза,0.33964000000000005,Mykolaivska oblast
Кукурудза,Одеська,0.3283,0.3402,0.3555,0.3301,0.3173,Кукурудза,0.33428,Odeska oblast
Кукурудза,Полтавська,0.3342,0.3353,0.3245,0.3439,0.3204,Кукурудза,0.33165999999999995,Poltavska oblast
Кукурудза,Рівненська,0.3385,0.369,0.3579,0.3764,0.3953,Кукурудза,0.36741999999999997,Rivnenska oblast
Кукурудза,Сумська,0.3675,0.3591,0.3405,0.4007,0.3521,Кукурудза,0.36398,Sumska oblast
Кукурудза,Тернопільська,0.3696,0.3761,0.3661,0.4143,0.399,Кукурудза,0.38502000000000003,Ternopilska oblast
Кукурудза,Харківська,0.3348,0.3331,0.3182,0.3576,0.3253,Кукурудза,0.3338,Kharkivska oblast
Кукурудза,Херсонська,0.3611,0.4132,0.3623,,,Кукурудза,0.3788666666666667,Khersonska oblast
Кукурудза,Хмельницька,0.3437,0.3664,0.3555,0.3816,0.3854,Кукурудза,0.36651999999999996,Khmelnytska oblast
Кукурудза,Черкаська,0.347,0.3472,0.3307,0.3947,0.3598,Кукурудза,0.35588,Cherkaska oblast
Кукурудза,Чернівецька,0.3226,0.3595,0.3451,0.3774,0.3508,Кукурудза,0.35107999999999995,Chernivetska oblast
Кукурудза,Чернігівська,0.3707,0.3771,0.3623,0.3802,0.4536,Кукурудза,0.38878,Chernihivska oblast
Кукурудза,Вінницька,0.0296,0.0267,0.0197,0.0476,0.0521,Кукурудза,0.03514,Vinnytska oblast
Кукурудза,Волинська,0.0413,0.0307,0.0322,0.0548,0.0387,Кукурудза,0.039540000000000006,Volynska oblast
Кукурудза,Дніпропетровська,0.0305,0.0321,0.0276,0.0464,0.0492,Кукурудза,0.03716,Dnipropetrovska oblast
Кукурудза,Донецька,0.034,0.0322,0.0126,0.0251,,Кукурудза,0.025975,Donetska oblast
Кукурудза,Житомирська,0.0306,0.0284,0.0247,0.0471,0.0494,Кукурудза,0.03604,Zhytomyrska oblast
Кукурудза,Закарпатська,0.0572,0.0259,0.0565,0.0501,0.0176,Кукурудза,0.041460000000000004,Zakarpatska oblast
Кукурудза,Запорізька,0.0354,0.0302,0.0328,0.0482,0.0492,Кукурудза,0.03916,Zaporizka oblast
Кукурудза,Івано-Франківська,0.0242,0.0296,0.037,0.0469,0.0578,Кукурудза,0.039099999999999996,Ivano-Frankivska oblast
Кукурудза,Київська,0.0307,0.0281,0.0323,0.0503,0.0504,Кукурудза,0.038360000000000005,Kyivska oblast
Кукурудза,Кіровоградська,0.0192,0.0172,0.02,0.0425,0.045,Кукурудза,0.028780000000000007,Kirovohradska oblast
Кукурудза,Луганська,0.0179,0.0074,0.0094,,,Кукурудза,0.011566666666666668,Luhanska oblast
Кукурудза,Львівська,0.0413,0.058,0.0512,0.0625,0.0624,Кукурудза,0.05508,Lvivska oblast
Кукурудза,Миколаївська,0.0085,0.0198,0.0258,0.0363,0.0361,Кукурудза,0.0253,Mykolaivska oblast
Кукурудза,Одеська,0.0,0.0,0.0,0.0176,0.0285,Кукурудза,0.00922,Odeska oblast
Кукурудза,Полтавська,0.0245,0.0245,0.0222,0.0389,0.0416,Кукурудза,0.03034,Poltavska oblast
Кукурудза,Рівненська,0.0327,0.046,0.0435,0.054,0.0642,Кукурудза,0.04808,Rivnenska oblast
Кукурудза,Сумська,0.0398,0.0411,0.041,0.0504,0.0516,Кукурудза,0.04478,Sumska oblast
Кукурудза,Тернопільська,0.0367,0.0378,0.0385,0.0505,0.0527,Кукурудза,0.04324000000000001,Ternopilska oblast
Кукурудза,Харківська,0.0289,0.0263,0.0185,0.0475,0.0518,Кукурудза,0.0346,Kharkivska oblast
Кукурудза,Херсонська,0.0212,0.0157,0.013,,,Кукурудза,0.016633333333333333,Khersonska oblast
Кукурудза,Хмельницька,0.0391,0.0461,0.0312,0.0634,0.0548,Кукурудза,0.04692,Khmelnytska oblast
Кукурудза,Черкаська,0.0288,0.0314,0.0293,0.0486,0.0504,Кукурудза,0.0377,Cherkaska oblast
Кукурудза,Чернівецька,0.0289,0.0423,0.0252,0.0595,0.0461,Кукурудза,0.0404,Chernivetska oblast
Кукурудза,Чернігівська,0.0335,0.0415,0.0515,0.0479,0.0459,Кукурудза,0.04406,Chernihivska oblast
Кукурудза,Вінницька,0.0348,0.0291,0.0256,0.0501,0.0574,Кукурудза,0.039400000000000004,Vinnytska oblast
Кукурудза,Волинська,0.0494,0.0372,0.0336,0.057,0.0411,Кукурудза,0.04366,Volynska oblast
Кукурудза,Дніпропетровська,0.037,0.0374,0.0323,0.0526,0.0527,Кукурудза,0.0424,Dnipropetrovska oblast
Кукурудза,Донецька,0.0386,0.0367,0.0187,0.0363,,Кукурудза,0.032575,Donetska oblast
Кукурудза,Житомирська,0.0353,0.0339,0.0277,0.0521,0.0521,Кукурудза,0.04022,Zhytomyrska oblast
Кукурудза,Закарпатська,0.0607,0.027,0.0619,0.0516,0.0178,Кукурудза,0.043800000000000006,Zakarpatska oblast
Кукурудза,Запорізька,0.0394,0.0325,0.034,0.0546,0.0492,Кукурудза,0.04194,Zaporizka oblast
Кукурудза,Івано-Франківська,0.0255,0.0299,0.0381,0.0476,0.0581,Кукурудза,0.03984,Ivano-Frankivska oblast
Кукурудза,Київська,0.0339,0.0302,0.0351,0.0551,0.0532,Кукурудза,0.0415,Kyivska oblast
Кукурудза,Кіровоградська,0.0229,0.021,0.0233,0.0473,0.048,Кукурудза,0.03250000000000001,Kirovohradska oblast
Кукурудза,Луганська,0.0196,0.0099,0.0103,,,Кукурудза,0.013266666666666668,Luhanska oblast
Кукурудза,Львівська,0.0417,0.0595,0.0524,0.0647,0.065,Кукурудза,0.05666,Lvivska oblast
Кукурудза,Миколаївська,0.0116,0.0238,0.0308,0.0414,0.0431,Кукурудза,0.03014,Mykolaivska oblast
Кукурудза,Одеська,0.0053,0.0053,0.0044,0.0239,0.0353,Кукурудза,0.01484,Odeska oblast
Кукурудза,Полтавська,0.0276,0.0269,0.0259,0.043,0.0465,Кукурудза,0.033979999999999996,Poltavska oblast
Кукурудза,Рівненська,0.0385,0.0494,0.0471,0.0577,0.0671,Кукурудза,0.051960000000000006,Rivnenska oblast
Кукурудза,Сумська,0.0415,0.0424,0.0426,0.0529,0.052,Кукурудза,0.04628,Sumska oblast
Кукурудза,Тернопільська,0.039,0.0399,0.0395,0.0521,0.0569,Кукурудза,0.04548000000000001,Ternopilska oblast
Кукурудза,Харківська,0.0322,0.0289,0.023,0.0577,0.0559,Кукурудза,0.039540000000000006,Kharkivska oblast
Кукурудза,Херсонська,0.0264,0.0229,0.0208,,,Кукурудза,0.023366666666666664,Khersonska oblast
Кукурудза,Хмельницька,0.0424,0.0481,0.033,0.0662,0.0564,Кукурудза,0.04922,Khmelnytska oblast
Кукурудза,Черкаська,0.0322,0.0331,0.0318,0.0505,0.0521,Кукурудза,0.03994,Cherkaska oblast
Кукурудза,Чернівецька,0.0324,0.039,0.0299,0.0647,0.0497,Кукурудза,0.04314,Chernivetska oblast
Кукурудза,Чернігівська,0.0369,0.0436,0.0533,0.0516,0.0468,Кукурудза,0.04644,Chernihivska oblast
Соняшник,Вінницька,0.2276,0.2586,0.2351,0.2763,0.2409,Соняшник,0.24769999999999998,Vinnytska oblast
Соняшник,Волинська,0.116,0.1314,0.1517,0.1377,0.0906,Соняшник,0.12547999999999998,Volynska oblast
Соняшник,Дніпропетровська,0.2524,0.2758,0.2589,0.2704,0.2317,Соняшник,0.25784,Dnipropetrovska oblast
Соняшник,Донецька,0.2485,0.2166,0.2239,0.1009,0.0864,Соняшник,0.17526,Donetska oblast
Соняшник,Житомирська,0.1615,0.1772,0.1783,0.2366,0.1443,Соняшник,0.17958000000000002,Zhytomyrska oblast
Соняшник,Закарпатська,0.0,0.0,0.0,0.025,0.0,Соняшник,0.005,Zakarpatska oblast
Соняшник,Запорізька,0.212,0.217,0.2277,0.1422,0.0945,Соняшник,0.17868,Zaporizka oblast
Соняшник,Івано-Франківська,0.0878,0.0748,0.0889,0.1278,0.0583,Соняшник,0.08752000000000001,Ivano-Frankivska oblast
Соняшник,Київська,0.1947,0.2079,0.2168,0.2393,0.1815,Соняшник,0.20804,Kyivska oblast
Соняшник,Кіровоградська,0.2423,0.268,0.2557,0.2354,0.1975,Соняшник,0.23978000000000002,Kirovohradska oblast
Соняшник,Луганська,0.2076,0.2296,0.2316,0.0,,Соняшник,0.16720000000000002,Luhanska oblast
Соняшник,Львівська,0.0838,0.104,0.1185,0.1388,0.1035,Соняшник,0.10972000000000001,Lvivska oblast
Соняшник,Миколаївська,0.2212,0.2429,0.2614,0.2251,0.1827,Соняшник,0.22666,Mykolaivska oblast
Соняшник,Одеська,0.224,0.225,0.2331,0.2092,0.1699,Соняшник,0.21223999999999998,Odeska oblast
Соняшник,Полтавська,0.2179,0.2374,0.2442,0.2436,0.1861,Соняшник,0.22583999999999999,Poltavska oblast
Соняшник,Рівненська,0.0915,0.1084,0.1162,0.1422,0.0843,Соняшник,0.10851999999999999,Rivnenska oblast
Соняшник,Сумська,0.2284,0.2487,0.2405,0.2776,0.2116,Соняшник,0.24136000000000002,Sumska oblast
Соняшник,Тернопільська,0.1733,0.1914,0.1862,0.2306,0.1855,Соняшник,0.19340000000000002,Ternopilska oblast
Соняшник,Харківська,0.2501,0.2561,0.2603,0.2038,0.192,Соняшник,0.23245999999999997,Kharkivska oblast
Соняшник,Херсонська,0.1733,0.2079,0.1809,0.025,0.0232,Соняшник,0.12206000000000002,Khersonska oblast
Соняшник,Хмельницька,0.1721,0.2129,0.1962,0.2286,0.192,Соняшник,0.20036,Khmelnytska oblast
Соняшник,Черкаська,0.2064,0.2133,0.2143,0.2471,0.1936,Соняшник,0.21494,Cherkaska oblast
Соняшник,Чернівецька,0.0166,0.0512,0.0693,0.0618,0.0518,Соняшник,0.05014,Chernivetska oblast
Соняшник,Чернігівська,0.2307,0.2415,0.262,0.2532,0.3045,Соняшник,0.25838,Chernihivska oblast
Соняшник,Вінницька,0.9418,0.9429,0.9625,0.9722,0.9573,Соняшник,0.95534,Vinnytska oblast
Соняшник,Волинська,0.8219,0.8292,0.8269,0.8343,0.8072,Соняшник,0.8238999999999999,Volynska oblast
Соняшник,Дніпропетровська,0.9939,0.988,0.9945,1.0,1.0,Соняшник,0.9952799999999999,Dnipropetrovska oblast
Соняшник,Донецька,0.9319,0.9233,0.9464,0.8373,0.8434,Соняшник,0.89646,Donetska oblast
Соняшник,Житомирська,0.8652,0.8678,0.8684,0.8827,0.8774,Соняшник,0.8722999999999999,Zhytomyrska oblast
Соняшник,Закарпатська,0.6389,0.6224,0.6125,0.6053,0.5792,Соняшник,0.61166,Zakarpatska oblast
Соняшник,Запорізька,0.9629,0.9522,0.9641,0.877,0.8594,Соняшник,0.9231199999999999,Zaporizka oblast
Соняшник,Івано-Франківська,0.757,0.7464,0.7998,0.8256,0.7932,Соняшник,0.7844,Ivano-Frankivska oblast
Соняшник,Київська,0.9171,0.9272,0.9313,0.9476,0.9318,Соняшник,0.9309999999999998,Kyivska oblast
Соняшник,Кіровоградська,0.9817,0.9698,0.9773,0.9847,0.9832,Соняшник,0.97934,Kirovohradska oblast
Соняшник,Луганська,0.9457,0.9485,0.976,0.5598,,Соняшник,0.8575,Luhanska oblast
Соняшник,Львівська,0.775,0.8016,0.8281,0.8104,0.8304,Соняшник,0.8091000000000002,Lvivska oblast
Соняшник,Миколаївська,0.9336,0.9253,0.928,0.9126,0.9055,Соняшник,0.921,Mykolaivska oblast
Соняшник,Одеська,0.869,0.8577,0.9009,0.8959,0.901,Соняшник,0.8849,Odeska oblast
Соняшник,Полтавська,0.9575,0.97,0.9731,0.99,0.9756,Соняшник,0.97324,Poltavska oblast
Соняшник,Рівненська,0.7854,0.7998,0.8194,0.8592,0.804,Соняшник,0.8135600000000001,Rivnenska oblast
Соняшник,Сумська,0.9412,0.9631,0.9638,0.9834,0.9641,Соняшник,0.96312,Sumska oblast
Соняшник,Тернопільська,0.8757,0.8797,0.8922,0.9243,0.9277,Соняшник,0.89992,Ternopilska oblast
Соняшник,Харківська,1.0,1.0,1.0,0.9623,0.981,Соняшник,0.98866,Kharkivska oblast
Соняшник,Херсонська,0.9042,0.882,0.9111,0.6277,0.7568,Соняшник,0.8163600000000001,Khersonska oblast
Соняшник,Хмельницька,0.9295,0.962,0.9338,0.9791,0.9804,Соняшник,0.9569599999999999,Khmelnytska oblast
Соняшник,Черкаська,0.9216,0.9351,0.9347,0.9482,0.9441,Соняшник,0.93674,Cherkaska oblast
Соняшник,Чернівецька,0.686,0.7281,0.7519,0.7468,0.7835,Соняшник,0.73926,Chernivetska oblast
Соняшник,Чернігівська,0.9536,0.955,0.9622,0.9815,0.9731,Соняшник,0.96508,Chernihivska oblast
Соняшник,Вінницька,0.3447,0.3643,0.3333,0.3721,0.354,Соняшник,0.35368000000000005,Vinnytska oblast
Соняшник,Волинська,0.3605,0.3612,0.4003,0.3686,0.3452,Соняшник,0.36716,Volynska oblast
Соняшник,Дніпропетровська,0.3127,0.3346,0.3207,0.3321,0.2935,Соняшник,0.31872,Dnipropetrovska oblast
Соняшник,Донецька,0.3575,0.3183,0.3199,0.2736,0.2517,Соняшник,0.3042,Donetska oblast
Соняшник,Житомирська,0.3315,0.3372,0.3352,0.3809,0.3068,Соняшник,0.33832,Zhytomyrska oblast
Соняшник,Закарпатська,0.2875,0.3269,0.3424,0.3393,0.3465,Соняшник,0.32852000000000003,Zakarpatska oblast
Соняшник,Запорізька,0.2888,0.295,0.3025,0.3096,0.2683,Соняшник,0.29284,Zaporizka oblast
Соняшник,Івано-Франківська,0.3465,0.3422,0.334,0.3569,0.3289,Соняшник,0.3417,Ivano-Frankivska oblast
Соняшник,Київська,0.3336,0.3378,0.3413,0.3599,0.3101,Соняшник,0.33653999999999995,Kyivska oblast
Соняшник,Кіровоградська,0.3163,0.3372,0.3265,0.3061,0.2737,Соняшник,0.31196,Kirovohradska oblast
Соняшник,Луганська,0.2995,0.3157,0.31,0.3024,,Соняшник,0.3069,Luhanska oblast
Соняшник,Львівська,0.3391,0.3517,0.3469,0.3616,0.3352,Соняшник,0.3469,Lvivska oblast
Соняшник,Миколаївська,0.3108,0.3312,0.355,0.3329,0.2893,Соняшник,0.32383999999999996,Mykolaivska oblast
Соняшник,Одеська,0.3223,0.3215,0.3199,0.2916,0.2754,Соняшник,0.30613999999999997,Odeska oblast
Соняшник,Полтавська,0.3189,0.3246,0.3313,0.325,0.2771,Соняшник,0.31537999999999994,Poltavska oblast
Соняшник,Рівненська,0.3453,0.3397,0.3505,0.3519,0.2865,Соняшник,0.33477999999999997,Rivnenska oblast
Соняшник,Сумська,0.3416,0.3463,0.3441,0.3676,0.3237,Соняшник,0.34466,Sumska oblast
Соняшник,Тернопільська,0.3798,0.3699,0.3699,0.398,0.3575,Соняшник,0.37502,Ternopilska oblast
Соняшник,Харківська,0.3136,0.3095,0.3167,0.3073,0.2664,Соняшник,0.3027,Kharkivska oblast
Соняшник,Херсонська,0.2875,0.3291,0.2975,0.2471,0.1951,Соняшник,0.27126,Khersonska oblast
Соняшник,Хмельницька,0.3154,0.344,0.3333,0.3493,0.3272,Соняшник,0.33383999999999997,Khmelnytska oblast
Соняшник,Черкаська,0.3364,0.3326,0.3258,0.3621,0.3163,Соняшник,0.33464,Cherkaska oblast
Соняшник,Чернівецька,0.2888,0.3359,0.3474,0.3393,0.3321,Соняшник,0.3287,Chernivetska oblast
Соняшник,Чернігівська,0.3483,0.3528,0.3714,0.3479,0.4224,Соняшник,0.36856,Chernihivska oblast
Соняшник,Вінницька,0.3494,0.3657,0.3395,0.3745,0.3629,Соняшник,0.35840000000000005,Vinnytska oblast
Соняшник,Волинська,0.3657,0.3661,0.4023,0.3726,0.3465,Соняшник,0.37064,Volynska oblast
Соняшник,Дніпропетровська,0.3223,0.3416,0.3258,0.3437,0.3022,Соняшник,0.32711999999999997,Dnipropetrovska oblast
Соняшник,Донецька,0.3718,0.3269,0.3251,0.2972,0.2737,Соняшник,0.31894000000000006,Donetska oblast
Соняшник,Житомирська,0.341,0.3422,0.3395,0.3941,0.3143,Соняшник,0.34621999999999997,Zhytomyrska oblast
Соняшник,Закарпатська,0.2925,0.3404,0.3424,0.3459,0.3465,Соняшник,0.33354000000000006,Zakarpatska oblast
Соняшник,Запорізька,0.3028,0.3036,0.3082,0.3286,0.2893,Соняшник,0.30650000000000005,Zaporizka oblast
Соняшник,Івано-Франківська,0.3488,0.3543,0.3424,0.366,0.3305,Соняшник,0.34840000000000004,Ivano-Frankivska oblast
Соняшник,Київська,0.3397,0.341,0.3441,0.3686,0.3219,Соняшник,0.34306000000000003,Kyivska oblast
Соняшник,Кіровоградська,0.3263,0.3468,0.3346,0.3222,0.2907,Соняшник,0.32412,Kirovohradska oblast
Соняшник,Луганська,0.3089,0.3239,0.3167,0.3049,,Соняшник,0.3136,Luhanska oblast
Соняшник,Львівська,0.3423,0.3507,0.3516,0.3633,0.336,Соняшник,0.34878,Lvivska oblast
Соняшник,Миколаївська,0.3231,0.3397,0.3628,0.3557,0.3079,Соняшник,0.33784000000000003,Mykolaivska oblast
Соняшник,Одеська,0.3286,0.3326,0.3327,0.3096,0.2948,Соняшник,0.31966,Odeska oblast
Соняшник,Полтавська,0.3247,0.3312,0.3389,0.3362,0.2907,Соняшник,0.32433999999999996,Poltavska oblast
Соняшник,Рівненська,0.35,0.3451,0.355,0.3544,0.2961,Соняшник,0.34012000000000003,Rivnenska oblast
Соняшник,Сумська,0.3435,0.348,0.3452,0.3731,0.3263,Соняшник,0.34722,Sumska oblast
Соняшник,Тернопільська,0.3802,0.3699,0.3733,0.401,0.3635,Соняшник,0.37757999999999997,Ternopilska oblast
Соняшник,Харківська,0.3206,0.3174,0.3251,0.3259,0.2935,Соняшник,0.3165,Kharkivska oblast
Соняшник,Херсонська,0.3028,0.341,0.31,0.293,0.2417,Соняшник,0.29769999999999996,Khersonska oblast
Соняшник,Хмельницька,0.3181,0.3463,0.3359,0.3526,0.3289,Соняшник,0.33636,Khmelnytska oblast
Соняшник,Черкаська,0.3404,0.3346,0.332,0.3691,0.3228,Соняшник,0.33978,Cherkaska oblast
Соняшник,Чернівецька,0.3028,0.3359,0.35,0.3466,0.339,Соняшник,0.33486000000000005,Chernivetska oblast
Соняшник,Чернігівська,0.3533,0.3564,0.3741,0.3538,0.4252,Соняшник,0.37256000000000006,Chernihivska oblast
Соняшник,Вінницька,0.0646,0.0621,0.0646,0.077,0.0724,Соняшник,0.06814,Vinnytska oblast
Соняшник,Волинська,0.0782,0.0759,0.0786,0.0819,0.0817,Соняшник,0.07926,Volynska oblast
Соняшник,Дніпропетровська,0.0605,0.0607,0.0608,0.0729,0.0664,Соняшник,0.06426000000000001,Dnipropetrovska oblast
Соняшник,Донецька,0.0531,0.0484,0.0523,0.0535,0.0497,Соняшник,0.0514,Donetska oblast
Соняшник,Житомирська,0.0525,0.0514,0.044,0.0539,0.0585,Соняшник,0.052059999999999995,Zhytomyrska oblast
Соняшник,Закарпатська,0.0712,0.0741,0.0617,0.0483,0.0918,Соняшник,0.06942,Zakarpatska oblast
Соняшник,Запорізька,0.0525,0.0514,0.0502,0.068,0.061,Соняшник,0.056620000000000004,Zaporizka oblast
Соняшник,Івано-Франківська,0.0502,0.0558,0.0665,0.0764,0.0944,Соняшник,0.06866,Ivano-Frankivska oblast
Соняшник,Київська,0.0637,0.0686,0.0614,0.0778,0.0681,Соняшник,0.06792000000000001,Kyivska oblast
Соняшник,Кіровоградська,0.0619,0.0558,0.0556,0.0698,0.0663,Соняшник,0.061880000000000004,Kirovohradska oblast
Соняшник,Луганська,0.0516,0.0536,0.06,0.0558,,Соняшник,0.05525000000000001,Luhanska oblast
Соняшник,Львівська,0.059,0.0725,0.0693,0.0628,0.0785,Соняшник,0.06842000000000001,Lvivska oblast
Соняшник,Миколаївська,0.0434,0.0417,0.0398,0.0508,0.0407,Соняшник,0.043280000000000006,Mykolaivska oblast
Соняшник,Одеська,0.0187,0.0165,0.0235,0.033,0.0388,Соняшник,0.0261,Odeska oblast
Соняшник,Полтавська,0.0644,0.068,0.064,0.0796,0.0709,Соняшник,0.06938000000000001,Poltavska oblast
Соняшник,Рівненська,0.0636,0.0596,0.0667,0.084,0.0484,Соняшник,0.06446,Rivnenska oblast
Соняшник,Сумська,0.0616,0.0701,0.0688,0.0805,0.0765,Соняшник,0.0715,Sumska oblast
Соняшник,Тернопільська,0.0833,0.07,0.077,0.0945,0.0955,Соняшник,0.08406,Ternopilska oblast
Соняшник,Харківська,0.0668,0.0647,0.0608,0.0776,0.0637,Соняшник,0.06672,Kharkivska oblast
Соняшник,Херсонська,0.0425,0.0371,0.045,0.0219,0.0447,Соняшник,0.038239999999999996,Khersonska oblast
Соняшник,Хмельницька,0.0762,0.0942,0.0724,0.1003,0.1064,Соняшник,0.08990000000000001,Khmelnytska oblast
Соняшник,Черкаська,0.0607,0.0663,0.0552,0.0744,0.0716,Соняшник,0.06564,Cherkaska oblast
Соняшник,Чернівецька,0.054,0.0612,0.0607,0.0722,0.0959,Соняшник,0.0688,Chernivetska oblast
Соняшник,Чернігівська,0.0728,0.0743,0.0713,0.0827,0.0856,Соняшник,0.07734,Chernihivska oblast
Соняшник,Вінницька,0.0694,0.0646,0.0699,0.079,0.076,Соняшник,0.07178000000000001,Vinnytska oblast
Соняшник,Волинська,0.0836,0.0791,0.0818,0.0844,0.0826,Соняшник,0.0823,Volynska oblast
Соняшник,Дніпропетровська,0.0674,0.0651,0.0651,0.0785,0.0702,Соняшник,0.06926,Dnipropetrovska oblast
Соняшник,Донецька,0.0573,0.0538,0.0558,0.066,0.0547,Соняшник,0.057519999999999995,Donetska oblast
Соняшник,Житомирська,0.0592,0.0565,0.0466,0.0599,0.0617,Соняшник,0.05678,Zhytomyrska oblast
Соняшник,Закарпатська,0.0818,0.0859,0.0639,0.0653,0.0918,Соняшник,0.07774,Zakarpatska oblast
Соняшник,Запорізька,0.058,0.0552,0.0529,0.0749,0.0647,Соняшник,0.06113999999999999,Zaporizka oblast
Соняшник,Івано-Франківська,0.0529,0.0636,0.0725,0.0825,0.0945,Соняшник,0.0732,Ivano-Frankivska oblast
Соняшник,Київська,0.0698,0.0724,0.064,0.0838,0.0713,Соняшник,0.07225999999999999,Kyivska oblast
Соняшник,Кіровоградська,0.0662,0.0615,0.0599,0.0743,0.0702,Соняшник,0.06642,Kirovohradska oblast
Соняшник,Луганська,0.055,0.0569,0.063,0.0614,,Соняшник,0.059075,Luhanska oblast
Соняшник,Львівська,0.0616,0.072,0.0706,0.0644,0.0804,Соняшник,0.0698,Lvivska oblast
Соняшник,Миколаївська,0.0508,0.0476,0.0447,0.0577,0.0455,Соняшник,0.049260000000000005,Mykolaivska oblast
Соняшник,Одеська,0.0239,0.0209,0.028,0.038,0.0447,Соняшник,0.0311,Odeska oblast
Соняшник,Полтавська,0.0679,0.0712,0.0686,0.0842,0.0754,Соняшник,0.07346,Poltavska oblast
Соняшник,Рівненська,0.0707,0.0672,0.07,0.0857,0.0532,Соняшник,0.06936,Rivnenska oblast
Соняшник,Сумська,0.0643,0.072,0.0703,0.0821,0.0781,Соняшник,0.07336,Sumska oblast
Соняшник,Тернопільська,0.0836,0.0751,0.08,0.0974,0.1019,Соняшник,0.0876,Ternopilska oblast
Соняшник,Харківська,0.0706,0.0678,0.0661,0.0856,0.0684,Соняшник,0.07170000000000001,Kharkivska oblast
Соняшник,Херсонська,0.0507,0.0439,0.0526,0.0335,0.0597,Соняшник,0.04808,Khersonska oblast
Соняшник,Хмельницька,0.0783,0.096,0.075,0.1027,0.1078,Соняшник,0.09196000000000001,Khmelnytska oblast
Соняшник,Черкаська,0.0644,0.0689,0.0585,0.0772,0.0735,Соняшник,0.0685,Cherkaska oblast
Соняшник,Чернівецька,0.0616,0.0619,0.0628,0.0782,0.0994,Соняшник,0.07278,Chernivetska oblast
Соняшник,Чернігівська,0.0796,0.0772,0.074,0.0858,0.0872,Соняшник,0.08076,Chernihivska oblast
Соя,Вінницька,0.1618,0.1564,0.13,0.1553,0.1617,Соя,0.15304,Vinnytska oblast
Соя,Волинська,0.1111,0.1423,0.1465,0.1613,0.1065,Соя,0.13354000000000002,Volynska oblast
Соя,Дніпропетровська,0.0075,0.0,0.0275,0.0069,0.0,Соя,0.008380000000000002,Dnipropetrovska oblast
Соя,Донецька,,,0.0,,,Соя,0.0,Donetska oblast
Соя,Житомирська,0.1628,0.1609,0.174,0.1613,0.1322,Соя,0.15824,Zhytomyrska oblast
Соя,Закарпатська,0.0207,0.0328,0.0716,0.0393,0.0247,Соя,0.03782,Zakarpatska oblast
Соя,Запорізька,0.0463,0.043,0.0607,,,Соя,0.049999999999999996,Zaporizka oblast
Соя,Івано-Франківська,0.0987,0.1081,0.1154,0.101,0.0986,Соя,0.10436000000000001,Ivano-Frankivska oblast
Соя,Київська,0.1498,0.1286,0.1283,0.143,0.1308,Соя,0.1361,Kyivska oblast
Соя,Кіровоградська,0.1052,0.1059,0.0871,0.0774,0.0551,Соя,0.08614000000000001,Kirovohradska oblast
Соя,Луганська,,,,,,Соя,,Luhanska oblast
Соя,Львівська,0.1268,0.1642,0.1669,0.1651,0.1689,Соя,0.15838000000000002,Lvivska oblast
Соя,Миколаївська,0.0144,0.0077,0.0,0.0069,0.5901,Соя,0.12382,Mykolaivska oblast
Соя,Одеська,0.0,0.0,0.0215,0.0,0.0,Соя,0.0043,Odeska oblast
Соя,Полтавська,0.1411,0.1395,0.1248,0.0924,0.1007,Соя,0.11969999999999999,Poltavska oblast
Соя,Рівненська,0.0987,0.1122,0.1048,0.1107,0.0874,Соя,0.10276,Rivnenska oblast
Соя,Сумська,0.1566,0.1286,0.1212,0.1418,0.1558,Соя,0.14079999999999998,Sumska oblast
Соя,Тернопільська,0.1676,0.1742,0.1867,0.1914,0.14,Соя,0.17198,Ternopilska oblast
Соя,Харківська,0.0782,0.0674,0.0645,0.0393,0.0435,Соя,0.05858,Kharkivska oblast
Соя,Херсонська,0.1411,0.1872,0.1531,0.0,,Соя,0.12035000000000001,Khersonska oblast
Соя,Хмельницька,0.1845,0.1631,0.1832,0.1793,0.1831,Соя,0.17864000000000002,Khmelnytska oblast
Соя,Черкаська,0.1314,0.127,0.1332,0.1511,0.0986,Соя,0.12825999999999999,Cherkaska oblast
Соя,Чернівецька,0.0621,0.0638,0.0681,0.0553,0.0435,Соя,0.05856,Chernivetska oblast
Соя,Чернігівська,0.1314,0.1037,0.1092,0.1069,0.1084,Соя,0.11191999999999999,Chernihivska oblast
Соя,Вінницька,0.9648,0.9807,0.9707,0.9427,0.9653,Соя,0.9648399999999999,Vinnytska oblast
Соя,Волинська,0.8747,0.8947,0.9181,0.8983,0.8954,Соя,0.8962399999999999,Volynska oblast
Соя,Дніпропетровська,0.6607,0.6425,0.7659,0.6732,0.7033,Соя,0.68912,Dnipropetrovska oblast
Соя,Донецька,,,0.2975,,,Соя,0.2975,Donetska oblast
Соя,Житомирська,0.9635,0.9558,0.9496,0.9656,0.9607,Соя,0.9590400000000001,Zhytomyrska oblast
Соя,Закарпатська,0.7486,0.7923,0.834,0.8382,0.8246,Соя,0.80754,Zakarpatska oblast
Соя,Запорізька,0.7614,0.7661,0.8113,,,Соя,0.7796,Zaporizka oblast
Соя,Івано-Франківська,0.8557,0.8968,0.9117,0.8681,0.9066,Соя,0.88778,Ivano-Frankivska oblast
Соя,Київська,0.9535,0.9475,0.949,0.9285,0.9426,Соя,0.94422,Kyivska oblast
Соя,Кіровоградська,0.9097,0.8892,0.8773,0.8794,0.9023,Соя,0.8915799999999999,Kirovohradska oblast
Соя,Луганська,,,,,,Соя,,Luhanska oblast
Соя,Львівська,0.9057,0.9513,0.979,0.9506,0.9545,Соя,0.9482200000000001,Lvivska oblast
Соя,Миколаївська,0.6694,0.6255,0.649,0.633,0.6773,Соя,0.65084,Mykolaivska oblast
Соя,Одеська,0.7599,0.7674,0.7204,0.8305,0.6957,Соя,0.75478,Odeska oblast
Соя,Полтавська,0.9629,0.9747,0.9728,0.9513,0.9902,Соя,0.9703799999999999,Poltavska oblast
Соя,Рівненська,0.8871,0.9562,0.9514,0.9396,0.9442,Соя,0.9357000000000001,Rivnenska oblast
Соя,Сумська,0.9531,0.9304,0.9525,0.9472,0.968,Соя,0.95024,Sumska oblast
Соя,Тернопільська,0.9502,0.9443,0.9839,0.9452,0.9319,Соя,0.9511,Ternopilska oblast
Соя,Харківська,0.8571,0.8382,0.8455,0.7858,0.8326,Соя,0.83184,Kharkivska oblast
Соя,Херсонська,0.9501,0.9646,0.9867,0.6484,,Соя,0.88745,Khersonska oblast
Соя,Хмельницька,1.0,1.0,1.0,1.0,1.0,Соя,1.0,Khmelnytska oblast
Соя,Черкаська,0.9286,0.9309,0.94,0.9466,0.9142,Соя,0.9320600000000001,Cherkaska oblast
Соя,Чернівецька,0.8477,0.8689,0.8776,0.8496,0.8466,Соя,0.85808,Chernivetska oblast
Соя,Чернігівська,0.9413,0.963,0.8969,0.9195,0.939,Соя,0.93194,Chernihivska oblast
Соя,Вінницька,0.3452,0.3516,0.3474,0.3542,0.3368,Соя,0.34704,Vinnytska oblast
Соя,Волинська,0.3666,0.4108,0.4274,0.4141,0.3485,Соя,0.39348,Volynska oblast
Соя,Дніпропетровська,0.3238,0.3301,0.3707,0.3349,0.2729,Соя,0.32648,Dnipropetrovska oblast
Соя,Донецька,,,0.3247,,,Соя,0.3247,Donetska oblast
Соя,Житомирська,0.3238,0.3451,0.3662,0.3256,0.2934,Соя,0.33082,Zhytomyrska oblast
Соя,Закарпатська,0.2596,0.278,0.3922,0.298,0.2858,Соя,0.30272,Zakarpatska oblast
Соя,Запорізька,0.3411,0.3652,0.3814,,,Соя,0.3625666666666667,Zaporizka oblast
Соя,Івано-Франківська,0.3619,0.3587,0.3774,0.3349,0.3193,Соя,0.35044,Ivano-Frankivska oblast
Соя,Київська,0.3251,0.3379,0.3439,0.337,0.3125,Соя,0.33127999999999996,Kyivska oblast
Соя,Кіровоградська,0.3212,0.3606,0.3542,0.3123,0.2602,Соя,0.3217,Kirovohradska oblast
Соя,Луганська,,,,,,Соя,,Luhanska oblast
Соя,Львівська,0.3461,0.3703,0.3689,0.3451,0.3494,Соя,0.35596,Lvivska oblast
Соя,Миколаївська,0.3049,0.3484,0.3166,0.3432,0.5901,Соя,0.38064,Mykolaivska oblast
Соя,Одеська,0.1533,0.2192,0.3552,0.2274,0.2705,Соя,0.24512,Odeska oblast
Соя,Полтавська,0.2998,0.3214,0.3131,0.2584,0.2382,Соя,0.28618,Poltavska oblast
Соя,Рівненська,0.3225,0.315,0.3348,0.3165,0.2705,Соя,0.31185999999999997,Rivnenska oblast
Соя,Сумська,0.3312,0.3354,0.3262,0.3218,0.3206,Соя,0.32704,Sumska oblast
Соя,Тернопільська,0.3579,0.3875,0.3974,0.3815,0.3303,Соя,0.37092,Ternopilska oblast
Соя,Харківська,0.3212,0.3557,0.3451,0.3256,0.2729,Соя,0.32409999999999994,Kharkivska oblast
Соя,Херсонська,0.3346,0.4138,0.3614,0.2525,,Соя,0.34057499999999996,Khersonska oblast
Соя,Хмельницька,0.3251,0.3354,0.3614,0.3256,0.3268,Соя,0.33486000000000005,Khmelnytska oblast
Соя,Черкаська,0.33,0.3596,0.3733,0.3542,0.3035,Соя,0.34412000000000004,Cherkaska oblast
Соя,Чернівецька,0.2963,0.315,0.3199,0.2907,0.2915,Соя,0.30267999999999995,Chernivetska oblast
Соя,Чернігівська,0.3127,0.3301,0.3614,0.3137,0.3003,Соя,0.32364,Chernihivska oblast
Соя,Вінницька,0.3635,0.3652,0.3614,0.3654,0.3537,Соя,0.36184000000000005,Vinnytska oblast
Соя,Волинська,0.3731,0.4252,0.4388,0.4214,0.3579,Соя,0.40327999999999997,Volynska oblast
Соя,Дніпропетровська,0.357,0.3301,0.3724,0.3533,0.2915,Соя,0.34086,Dnipropetrovska oblast
Соя,Донецька,,,0.3348,,,Соя,0.3348,Donetska oblast
Соя,Житомирська,0.3358,0.3634,0.3837,0.3451,0.3193,Соя,0.34946,Zhytomyrska oblast
Соя,Закарпатська,0.2596,0.278,0.3968,0.3192,0.3003,Соя,0.31078,Zakarpatska oblast
Соя,Запорізька,0.339,0.3615,0.375,,,Соя,0.3585,Zaporizka oblast
Соя,Івано-Франківська,0.3643,0.3669,0.4059,0.347,0.3219,Соя,0.3612,Ivano-Frankivska oblast
Соя,Київська,0.339,0.3577,0.3594,0.3567,0.3314,Соя,0.34884,Kyivska oblast
Соя,Кіровоградська,0.3471,0.3841,0.3829,0.347,0.2969,Соя,0.3516,Kirovohradska oblast
Соя,Луганська,,,,,,Соя,,Luhanska oblast
Соя,Львівська,0.3509,0.3775,0.3859,0.3524,0.3594,Соя,0.36522,Lvivska oblast
Соя,Миколаївська,0.3251,0.3652,0.3604,0.3821,0.5901,Соя,0.40458,Mykolaivska oblast
Соя,Одеська,0.1731,0.2293,0.379,0.2354,0.2838,Соя,0.26012,Odeska oblast
Соя,Полтавська,0.3276,0.366,0.3633,0.3062,0.2878,Соя,0.33018000000000003,Poltavska oblast
Соя,Рівненська,0.3518,0.3367,0.3573,0.328,0.2858,Соя,0.33192000000000005,Rivnenska oblast
Соя,Сумська,0.3369,0.3606,0.3509,0.3451,0.3358,Соя,0.34585999999999995,Sumska oblast
Соя,Тернопільська,0.3688,0.3934,0.403,0.3891,0.3485,Соя,0.38056,Ternopilska oblast
Соя,Харківська,0.3432,0.3703,0.3633,0.3676,0.2986,Соя,0.34859999999999997,Kharkivska oblast
Соя,Херсонська,0.3379,0.4067,0.3662,0.3359,,Соя,0.36167499999999997,Khersonska oblast
Соя,Хмельницька,0.3461,0.3567,0.3806,0.3412,0.3419,Соя,0.35330000000000006,Khmelnytska oblast
Соя,Черкаська,0.3442,0.3744,0.4041,0.3758,0.3291,Соя,0.36551999999999996,Cherkaska oblast
Соя,Чернівецька,0.3198,0.3341,0.3362,0.3123,0.3035,Соя,0.32118,Chernivetska oblast
Соя,Чернігівська,0.33,0.3909,0.379,0.3292,0.3153,Соя,0.34888,Chernihivska oblast
Соя,Вінницька,0.0964,0.0983,0.1026,0.0814,0.0815,Соя,0.09204000000000001,Vinnytska oblast
Соя,Волинська,0.0929,0.0915,0.1082,0.0867,0.0899,Соя,0.09384,Volynska oblast
Соя,Дніпропетровська,0.0827,0.0959,0.1076,0.069,0.0792,Соя,0.08688,Dnipropetrovska oblast
Соя,Донецька,,,0.2975,,,Соя,0.2975,Donetska oblast
Соя,Житомирська,0.0801,0.0743,0.068,0.0729,0.0731,Соя,0.07368,Zhytomyrska oblast
Соя,Закарпатська,0.0652,0.065,0.0983,0.0854,0.0941,Соя,0.08159999999999999,Zakarpatska oblast
Соя,Запорізька,0.0739,0.0716,0.0895,,,Соя,0.07833333333333332,Zaporizka oblast
Соя,Івано-Франківська,0.0878,0.0867,0.0962,0.0628,0.0812,Соя,0.08294,Ivano-Frankivska oblast
Соя,Київська,0.0851,0.088,0.088,0.0699,0.0746,Соя,0.08112,Kyivska oblast
Соя,Кіровоградська,0.0914,0.0862,0.0859,0.0769,0.0863,Соя,0.08533999999999999,Kirovohradska oblast
Соя,Луганська,,,,,,Соя,,Luhanska oblast
Соя,Львівська,0.0854,0.086,0.0932,0.0729,0.0774,Соя,0.08298000000000001,Lvivska oblast
Соя,Миколаївська,0.0684,0.0571,0.0909,0.062,0.0807,Соя,0.07182,Mykolaivska oblast
Соя,Одеська,0.098,0.1001,0.0803,0.1356,0.0646,Соя,0.09572,Odeska oblast
Соя,Полтавська,0.0814,0.0874,0.0842,0.0739,0.0785,Соя,0.08108,Poltavska oblast
Соя,Рівненська,0.0822,0.0939,0.1023,0.0887,0.0859,Соя,0.09059999999999999,Rivnenska oblast
Соя,Сумська,0.0836,0.0753,0.083,0.0738,0.0768,Соя,0.07849999999999999,Sumska oblast
Соя,Тернопільська,0.0913,0.0838,0.1014,0.0747,0.0722,Соя,0.08468,Ternopilska oblast
Соя,Харківська,0.0813,0.0868,0.0798,0.0665,0.0693,Соя,0.07674,Kharkivska oblast
Соя,Херсонська,0.0959,0.1068,0.1071,0.0303,,Соя,0.08502499999999999,Khersonska oblast
Соя,Хмельницька,0.0898,0.0947,0.0896,0.0817,0.0825,Соя,0.08766,Khmelnytska oblast
Соя,Черкаська,0.0861,0.0951,0.0961,0.0869,0.0769,Соя,0.08821999999999999,Cherkaska oblast
Соя,Чернівецька,0.0764,0.0816,0.0815,0.0694,0.0851,Соя,0.07880000000000001,Chernivetska oblast
Соя,Чернігівська,0.0836,0.1177,0.0811,0.0762,0.0806,Соя,0.08784,Chernihivska oblast
Соя,Вінницька,0.1015,0.1012,0.1082,0.0858,0.0856,Соя,0.09646,Vinnytska oblast
Соя,Волинська,0.0984,0.0947,0.111,0.089,0.0904,Соя,0.0967,Volynska oblast
Соя,Дніпропетровська,0.0969,0.0952,0.1087,0.077,0.0832,Соя,0.0922,Dnipropetrovska oblast
Соя,Донецька,,,0.2975,,,Соя,0.2975,Donetska oblast
Соя,Житомирська,0.0855,0.0821,0.0729,0.0793,0.0781,Соя,0.07958000000000001,Zhytomyrska oblast
Соя,Закарпатська,0.0655,0.0651,0.0996,0.0871,0.0941,Соя,0.08227999999999999,Zakarpatska oblast
Соя,Запорізька,0.072,0.069,0.0849,,,Соя,0.0753,Zaporizka oblast
Соя,Івано-Франківська,0.0934,0.0888,0.1014,0.0675,0.0814,Соя,0.0865,Ivano-Frankivska oblast
Соя,Київська,0.0893,0.0926,0.0929,0.0761,0.0776,Соя,0.0857,Kyivska oblast
Соя,Кіровоградська,0.0965,0.0928,0.0916,0.0825,0.0892,Соя,0.09052,Kirovohradska oblast
Соя,Луганська,,,,,,Соя,,Luhanska oblast
Соя,Львівська,0.0886,0.088,0.0955,0.0748,0.0777,Соя,0.08492,Lvivska oblast
Соя,Миколаївська,0.0774,0.0688,0.1004,0.0688,0.0862,Соя,0.08032,Mykolaivska oblast
Соя,Одеська,0.099,0.1058,0.0941,0.1379,0.0661,Соя,0.10058,Odeska oblast
Соя,Полтавська,0.0872,0.093,0.0899,0.0807,0.0834,Соя,0.08684,Poltavska oblast
Соя,Рівненська,0.0879,0.1024,0.1082,0.093,0.0883,Соя,0.09596000000000002,Rivnenska oblast
Соя,Сумська,0.0851,0.0773,0.0881,0.077,0.0775,Соя,0.081,Sumska oblast
Соя,Тернопільська,0.0962,0.089,0.1027,0.0773,0.0797,Соя,0.08897999999999999,Ternopilska oblast
Соя,Харківська,0.091,0.0927,0.0903,0.0819,0.0775,Соя,0.08668000000000001,Kharkivska oblast
Соя,Херсонська,0.0968,0.0983,0.1038,0.0716,,Соя,0.092625,Khersonska oblast
Соя,Хмельницька,0.0925,0.098,0.093,0.0844,0.0848,Соя,0.09054,Khmelnytska oblast
Соя,Черкаська,0.0909,0.1005,0.1007,0.0907,0.0804,Соя,0.09264000000000001,Cherkaska oblast
Соя,Чернівецька,0.0831,0.0829,0.0891,0.076,0.0896,Соя,0.08414,Chernivetska oblast
Соя,Чернігівська,0.0868,0.1209,0.0857,0.0798,0.082,Соя,0.09104,Chernihivska oblast
Культури зернові та зернобобові,Вінницька,0.315,0.3228,0.2936,0.3571,0.317,Ячмінь,0.3211,Vinnytska oblast
Культури зернові та зернобобові,Волинська,0.2177,0.2392,0.2442,0.2691,0.2159,Ячмінь,0.23722,Volynska oblast
Культури зернові та зернобобові,Дніпропетровська,0.2874,0.2984,0.2925,0.3113,0.2441,Ячмінь,0.28674,Dnipropetrovska oblast
Культури зернові та зернобобові,Донецька,0.276,0.2618,0.2725,0.1721,0.0934,Ячмінь,0.21516000000000002,Donetska oblast
Культури зернові та зернобобові,Житомирська,0.2539,0.2639,0.2649,0.2707,0.241,Ячмінь,0.25888,Zhytomyrska oblast
Культури зернові та зернобобові,Закарпатська,0.0681,0.0526,0.06,0.0645,0.0316,Ячмінь,0.05536,Zakarpatska oblast
Культури зернові та зернобобові,Запорізька,0.2845,0.2894,0.2932,0.19,0.1095,Ячмінь,0.23331999999999997,Zaporizka oblast
Культури зернові та зернобобові,Івано-Франківська,0.1597,0.1761,0.1708,0.1828,0.1543,Ячмінь,0.16873999999999997,Ivano-Frankivska oblast
Культури зернові та зернобобові,Київська,0.2862,0.2905,0.2979,0.3041,0.2596,Ячмінь,0.28766,Kyivska oblast
Культури зернові та зернобобові,Кіровоградська,0.2862,0.3096,0.2896,0.2958,0.2551,Ячмінь,0.28726,Kirovohradska oblast
Культури зернові та зернобобові,Луганська,0.2455,0.2418,0.2395,0.0201,,Ячмінь,0.18672499999999997,Luhanska oblast
Культури зернові та зернобобові,Львівська,0.2068,0.2284,0.229,0.254,0.2213,Ячмінь,0.2279,Lvivska oblast
Культури зернові та зернобобові,Миколаївська,0.2752,0.2865,0.3043,0.2859,0.2255,Ячмінь,0.27548,Mykolaivska oblast
Культури зернові та зернобобові,Одеська,0.314,0.3061,0.2972,0.303,0.2551,Ячмінь,0.29508,Odeska oblast
Культури зернові та зернобобові,Полтавська,0.2993,0.3039,0.2952,0.2986,0.2525,Ячмінь,0.2899,Poltavska oblast
Культури зернові та зернобобові,Рівненська,0.2087,0.2216,0.2233,0.2152,0.1897,Ячмінь,0.2117,Rivnenska oblast
Культури зернові та зернобобові,Сумська,0.3124,0.3127,0.2982,0.323,0.2734,Ячмінь,0.30394,Sumska oblast
Культури зернові та зернобобові,Тернопільська,0.2756,0.2814,0.2738,0.3062,0.2777,Ячмінь,0.28294,Ternopilska oblast
Культури зернові та зернобобові,Харківська,0.2964,0.2993,0.2951,0.2622,0.2082,Ячмінь,0.27224,Kharkivska oblast
Культури зернові та зернобобові,Херсонська,0.2412,0.2815,0.2569,0.1048,0.0107,Ячмінь,0.17902,Khersonska oblast
Культури зернові та зернобобові,Хмельницька,0.2802,0.3002,0.294,0.308,0.2846,Ячмінь,0.2934,Khmelnytska oblast
Культури зернові та зернобобові,Черкаська,0.2899,0.2926,0.2788,0.3249,0.2743,Ячмінь,0.29209999999999997,Cherkaska oblast
Культури зернові та зернобобові,Чернівецька,0.0946,0.1121,0.1116,0.1332,0.1026,Ячмінь,0.11082,Chernivetska oblast
Культури зернові та зернобобові,Чернігівська,0.3288,0.337,0.3305,0.3141,0.3682,Ячмінь,0.33572,Chernihivska oblast
Культури зернові та зернобобові,Вінницька,0.9892,0.9737,0.9489,1.0,0.9924,Ячмінь,0.9808399999999999,Vinnytska oblast
Культури зернові та зернобобові,Волинська,0.893,0.8791,0.8715,0.9176,0.8939,Ячмінь,0.8910200000000001,Volynska oblast
Культури зернові та зернобобові,Дніпропетровська,0.9528,0.9384,0.9258,0.9612,0.9452,Ячмінь,0.94468,Dnipropetrovska oblast
Культури зернові та зернобобові,Донецька,0.905,0.8933,0.8827,0.8051,0.79,Ячмінь,0.8552199999999999,Donetska oblast
Культури зернові та зернобобові,Житомирська,0.9426,0.9351,0.9137,0.9413,0.9475,Ячмінь,0.93604,Zhytomyrska oblast
Культури зернові та зернобобові,Закарпатська,0.7476,0.6974,0.7321,0.7411,0.6768,Ячмінь,0.7190000000000001,Zakarpatska oblast
Культури зернові та зернобобові,Запорізька,0.9396,0.9293,0.9288,0.8279,0.7839,Ячмінь,0.8818999999999999,Zaporizka oblast
Культури зернові та зернобобові,Івано-Франківська,0.853,0.8375,0.8335,0.8585,0.8579,Ячмінь,0.8480800000000001,Ivano-Frankivska oblast
Культури зернові та зернобобові,Київська,0.9761,0.9624,0.9511,0.989,0.9725,Ячмінь,0.97022,Kyivska oblast
Культури зернові та зернобобові,Кіровоградська,0.9703,0.9486,0.9311,0.9805,0.9737,Ячмінь,0.9608399999999999,Kirovohradska oblast
Культури зернові та зернобобові,Луганська,0.8817,0.872,0.8486,0.5146,,Ячмінь,0.7792250000000001,Luhanska oblast
Культури зернові та зернобобові,Львівська,0.9185,0.9065,0.8907,0.9289,0.9179,Ячмінь,0.9125,Lvivska oblast
Культури зернові та зернобобові,Миколаївська,0.9228,0.9053,0.8977,0.9182,0.9027,Ячмінь,0.90934,Mykolaivska oblast
Культури зернові та зернобобові,Одеська,0.9419,0.92,0.9216,0.9583,0.9525,Ячмінь,0.93886,Odeska oblast
Культури зернові та зернобобові,Полтавська,0.9902,0.9778,0.9599,0.9975,0.9912,Ячмінь,0.98332,Poltavska oblast
Культури зернові та зернобобові,Рівненська,0.8928,0.8855,0.8898,0.9119,0.8889,Ячмінь,0.8937799999999999,Rivnenska oblast
Культури зернові та зернобобові,Сумська,0.9933,0.9878,0.9733,0.9857,0.9786,Ячмінь,0.9837400000000001,Sumska oblast
Культури зернові та зернобобові,Тернопільська,0.9493,0.9305,0.9196,0.9535,0.948,Ячмінь,0.94018,Ternopilska oblast
Культури зернові та зернобобові,Харківська,0.9738,0.9523,0.9321,0.9384,0.935,Ячмінь,0.94632,Kharkivska oblast
Культури зернові та зернобобові,Херсонська,0.9173,0.9037,0.9039,0.7038,0.6363,Ячмінь,0.8130000000000001,Khersonska oblast
Культури зернові та зернобобові,Хмельницька,0.9774,0.9722,0.9452,0.9963,0.975,Ячмінь,0.9732199999999999,Khmelnytska oblast
Культури зернові та зернобобові,Черкаська,0.976,0.9704,0.9474,0.9902,0.986,Ячмінь,0.974,Cherkaska oblast
Культури зернові та зернобобові,Чернівецька,0.8038,0.7657,0.7609,0.8192,0.811,Ячмінь,0.7921199999999999,Chernivetska oblast
Культури зернові та зернобобові,Чернігівська,1.0,1.0,1.0,0.9941,1.0,Ячмінь,0.9988199999999999,Chernihivska oblast
Культури зернові та зернобобові,Вінницька,0.3521,0.3613,0.3276,0.4022,0.3727,Ячмінь,0.36318,Vinnytska oblast
Культури зернові та зернобобові,Волинська,0.3707,0.387,0.3858,0.4191,0.3764,Ячмінь,0.38780000000000003,Volynska oblast
Культури зернові та зернобобові,Дніпропетровська,0.322,0.3394,0.3276,0.3539,0.3118,Ячмінь,0.33094,Dnipropetrovska oblast
Культури зернові та зернобобові,Донецька,0.3483,0.3341,0.3384,0.3106,0.2778,Ячмінь,0.32184,Donetska oblast
Культури зернові та зернобобові,Житомирська,0.3351,0.3389,0.3371,0.3614,0.3394,Ячмінь,0.34237999999999996,Zhytomyrska oblast
Культури зернові та зернобобові,Закарпатська,0.3535,0.3373,0.3422,0.342,0.3199,Ячмінь,0.33898,Zakarpatska oblast
Культури зернові та зернобобові,Запорізька,0.3177,0.3229,0.323,0.3368,0.2913,Ячмінь,0.31833999999999996,Zaporizka oblast
Культури зернові та зернобобові,Івано-Франківська,0.3493,0.3639,0.3525,0.3782,0.3621,Ячмінь,0.3612,Ivano-Frankivska oblast
Культури зернові та зернобобові,Київська,0.3374,0.3404,0.347,0.3592,0.3332,Ячмінь,0.34343999999999997,Kyivska oblast
Культури зернові та зернобобові,Кіровоградська,0.324,0.3507,0.3266,0.3391,0.3146,Ячмінь,0.331,Kirovohradska oblast
Культури зернові та зернобобові,Луганська,0.3346,0.3313,0.3296,0.3117,,Ячмінь,0.3268,Luhanska oblast
Культури зернові та зернобобові,Львівська,0.3304,0.3624,0.3522,0.3799,0.3655,Ячмінь,0.35808,Lvivska oblast
Культури зернові та зернобобові,Миколаївська,0.3233,0.3368,0.3481,0.352,0.3069,Ячмінь,0.33341999999999994,Mykolaivska oblast
Культури зернові та зернобобові,Одеська,0.3346,0.3352,0.3132,0.3253,0.2901,Ячмінь,0.31967999999999996,Odeska oblast
Культури зернові та зернобобові,Полтавська,0.3226,0.329,0.3185,0.3313,0.2995,Ячмінь,0.32017999999999996,Poltavska oblast
Культури зернові та зернобобові,Рівненська,0.3488,0.3678,0.3485,0.3636,0.3673,Ячмінь,0.35919999999999996,Rivnenska oblast
Культури зернові та зернобобові,Сумська,0.3548,0.3524,0.3344,0.382,0.342,Ячмінь,0.35312,Sumska oblast
Культури зернові та зернобобові,Тернопільська,0.3655,0.3702,0.36,0.4019,0.3874,Ячмінь,0.37699999999999995,Ternopilska oblast
Культури зернові та зернобобові,Харківська,0.322,0.3284,0.3197,0.3313,0.3017,Ячмінь,0.32062,Kharkivska oblast
Культури зернові та зернобобові,Херсонська,0.306,0.3399,0.3101,0.3095,0.2517,Ячмінь,0.30344,Khersonska oblast
Культури зернові та зернобобові,Хмельницька,0.3401,0.3558,0.3454,0.3731,0.3645,Ячмінь,0.35578,Khmelnytska oblast
Культури зернові та зернобобові,Черкаська,0.3396,0.3414,0.3261,0.3816,0.3387,Ячмінь,0.34548,Cherkaska oblast
Культури зернові та зернобобові,Чернівецька,0.306,0.3438,0.333,0.358,0.342,Ячмінь,0.33655999999999997,Chernivetska oblast
Культури зернові та зернобобові,Чернігівська,0.3565,0.3646,0.3543,0.363,0.4145,Ячмінь,0.37058,Chernihivska oblast
Культури зернові та зернобобові,Вінницька,0.3561,0.3632,0.3344,0.4047,0.38,Ячмінь,0.36768,Vinnytska oblast
Культури зернові та зернобобові,Волинська,0.3732,0.3912,0.3876,0.4224,0.3812,Ячмінь,0.39111999999999997,Volynska oblast
Культури зернові та зернобобові,Дніпропетровська,0.3273,0.3429,0.3296,0.3603,0.3173,Ячмінь,0.33548,Dnipropetrovska oblast
Культури зернові та зернобобові,Донецька,0.3535,0.3414,0.3446,0.3353,0.2937,Ячмінь,0.3337,Donetska oblast
Культури зернові та зернобобові,Житомирська,0.3423,0.3466,0.3422,0.3717,0.3469,Ячмінь,0.34994000000000003,Zhytomyrska oblast
Культури зернові та зернобобові,Закарпатська,0.3591,0.3383,0.3466,0.3448,0.3224,Ячмінь,0.34224,Zakarpatska oblast
Культури зернові та зернобобові,Запорізька,0.3226,0.326,0.3261,0.3468,0.2984,Ячмінь,0.32398000000000005,Zaporizka oblast
Культури зернові та зернобобові,Івано-Франківська,0.3521,0.3661,0.355,0.3795,0.3621,Ячмінь,0.36296,Ivano-Frankivska oblast
Культури зернові та зернобобові,Київська,0.3417,0.3438,0.3492,0.3667,0.3407,Ячмінь,0.34842,Kyivska oblast
Культури зернові та зернобобові,Кіровоградська,0.3285,0.3554,0.3311,0.3462,0.3224,Ячмінь,0.33672,Kirovohradska oblast
Культури зернові та зернобобові,Луганська,0.3374,0.3341,0.3311,0.3271,,Ячмінь,0.33242499999999997,Luhanska oblast
Культури зернові та зернобобові,Львівська,0.3334,0.3643,0.357,0.3829,0.37,Ячмінь,0.36151999999999995,Lvivska oblast
Культури зернові та зернобобові,Миколаївська,0.3291,0.3404,0.3522,0.3636,0.3173,Ячмінь,0.34052,Mykolaivska oblast
Культури зернові та зернобобові,Одеська,0.3401,0.3352,0.3208,0.3361,0.3038,Ячмінь,0.32720000000000005,Odeska oblast
Культури зернові та зернобобові,Полтавська,0.3279,0.3341,0.3224,0.3398,0.3099,Ячмінь,0.32682,Poltavska oblast
Культури зернові та зернобобові,Рівненська,0.3535,0.3709,0.3518,0.3672,0.3727,Ячмінь,0.36322,Rivnenska oblast
Культури зернові та зернобобові,Сумська,0.3565,0.3541,0.3357,0.3869,0.3457,Ячмінь,0.35578000000000004,Sumska oblast
Культури зернові та зернобобові,Тернопільська,0.3671,0.3719,0.3619,0.405,0.3958,Ячмінь,0.38034,Ternopilska oblast
Культури зернові та зернобобові,Харківська,0.3266,0.3335,0.3251,0.3475,0.3128,Ячмінь,0.3291,Kharkivska oblast
Культури зернові та зернобобові,Херсонська,0.3185,0.3503,0.3197,0.3345,0.27,Ячмінь,0.3186,Khersonska oblast
Культури зернові та зернобобові,Хмельницька,0.3423,0.3578,0.3477,0.3764,0.3664,Ячмінь,0.35812000000000005,Khmelnytska oblast
Культури зернові та зернобобові,Черкаська,0.3428,0.3429,0.3296,0.3873,0.3445,Ячмінь,0.34941999999999995,Cherkaska oblast
Культури зернові та зернобобові,Чернівецька,0.3109,0.3476,0.3392,0.3636,0.3469,Ячмінь,0.34164,Chernivetska oblast
Культури зернові та зернобобові,Чернігівська,0.3599,0.3692,0.357,0.3697,0.4177,Ячмінь,0.3747,Chernihivska oblast
Культури зернові та зернобобові,Вінницька,0.0287,0.0281,0.0208,0.0478,0.0351,Ячмінь,0.032100000000000004,Vinnytska oblast
Культури зернові та зернобобові,Волинська,0.0419,0.0374,0.0394,0.0614,0.0399,Ячмінь,0.044,Volynska oblast
Культури зернові та зернобобові,Дніпропетровська,0.0096,0.0118,0.0097,0.0283,0.0182,Ячмінь,0.01552,Dnipropetrovska oblast
Культури зернові та зернобобові,Донецька,0.0056,0.0063,0.0045,0.0109,0.0092,Ячмінь,0.007300000000000001,Donetska oblast
Культури зернові та зернобобові,Житомирська,0.0278,0.0271,0.0225,0.0414,0.0346,Ячмінь,0.030679999999999995,Zhytomyrska oblast
Культури зернові та зернобобові,Закарпатська,0.0463,0.0269,0.0544,0.0536,0.0159,Ячмінь,0.03942,Zakarpatska oblast
Культури зернові та зернобобові,Запорізька,0.0038,0.0049,0.0088,0.0194,0.0052,Ячмінь,0.00842,Zaporizka oblast
Культури зернові та зернобобові,Івано-Франківська,0.0413,0.0382,0.0423,0.0559,0.0489,Ячмінь,0.04532,Ivano-Frankivska oblast
Культури зернові та зернобобові,Київська,0.0294,0.0283,0.0304,0.0475,0.0345,Ячмінь,0.03402,Kyivska oblast
Культури зернові та зернобобові,Кіровоградська,0.0192,0.0165,0.0131,0.0373,0.0275,Ячмінь,0.022719999999999997,Kirovohradska oblast
Культури зернові та зернобобові,Луганська,0.0034,0.0049,0.0008,0.0,,Ячмінь,0.002275,Luhanska oblast
Культури зернові та зернобобові,Львівська,0.0394,0.046,0.0398,0.0541,0.0441,Ячмінь,0.044680000000000004,Lvivska oblast
Культури зернові та зернобобові,Миколаївська,0.003,0.0024,0.0014,0.0212,0.0072,Ячмінь,0.00704,Mykolaivska oblast
Культури зернові та зернобобові,Одеська,0.0,0.0,0.0,0.0199,0.0081,Ячмінь,0.0056,Odeska oblast
Культури зернові та зернобобові,Полтавська,0.0218,0.0232,0.0207,0.0403,0.03,Ячмінь,0.027200000000000002,Poltavska oblast
Культури зернові та зернобобові,Рівненська,0.0339,0.0406,0.0405,0.058,0.0482,Ячмінь,0.044239999999999995,Rivnenska oblast
Культури зернові та зернобобові,Сумська,0.0341,0.0369,0.0361,0.0478,0.0349,Ячмінь,0.03796000000000001,Sumska oblast
Культури зернові та зернобобові,Тернопільська,0.0365,0.0324,0.0341,0.0504,0.0409,Ячмінь,0.03885999999999999,Ternopilska oblast
Культури зернові та зернобобові,Харківська,0.0151,0.0128,0.0077,0.0305,0.0263,Ячмінь,0.01848,Kharkivska oblast
Культури зернові та зернобобові,Херсонська,0.0078,0.0047,0.0083,0.0055,0.0,Ячмінь,0.005259999999999999,Khersonska oblast
Культури зернові та зернобобові,Хмельницька,0.0354,0.0371,0.0286,0.0571,0.0391,Ячмінь,0.03946,Khmelnytska oblast
Культури зернові та зернобобові,Черкаська,0.0286,0.0322,0.0273,0.0489,0.0365,Ячмінь,0.0347,Cherkaska oblast
Культури зернові та зернобобові,Чернівецька,0.0303,0.026,0.0263,0.0538,0.0451,Ячмінь,0.036300000000000006,Chernivetska oblast
Культури зернові та зернобобові,Чернігівська,0.0295,0.0371,0.0452,0.0469,0.034,Ячмінь,0.03854,Chernihivska oblast
Культури зернові та зернобобові,Вінницька,0.0329,0.0307,0.0257,0.0502,0.0388,Ячмінь,0.035660000000000004,Vinnytska oblast
Культури зернові та зернобобові,Волинська,0.0476,0.0413,0.0413,0.0637,0.0425,Ячмінь,0.04728,Volynska oblast
Культури зернові та зернобобові,Дніпропетровська,0.0138,0.0149,0.0122,0.0322,0.0204,Ячмінь,0.0187,Dnipropetrovska oblast
Культури зернові та зернобобові,Донецька,0.0081,0.0095,0.0073,0.0204,0.0125,Ячмінь,0.01156,Donetska oblast
Культури зернові та зернобобові,Житомирська,0.0344,0.0343,0.0266,0.0486,0.0388,Ячмінь,0.03654,Zhytomyrska oblast
Культури зернові та зернобобові,Закарпатська,0.0513,0.0288,0.0594,0.0586,0.0161,Ячмінь,0.04284,Zakarpatska oblast
Культури зернові та зернобобові,Запорізька,0.0059,0.0068,0.0105,0.0232,0.0065,Ячмінь,0.010579999999999999,Zaporizka oblast
Культури зернові та зернобобові,Івано-Франківська,0.0439,0.0393,0.0439,0.0567,0.0495,Ячмінь,0.04666,Ivano-Frankivska oblast
Культури зернові та зернобобові,Київська,0.0331,0.0308,0.0334,0.0518,0.0377,Ячмінь,0.037360000000000004,Kyivska oblast
Культури зернові та зернобобові,Кіровоградська,0.0225,0.0196,0.0164,0.0411,0.0302,Ячмінь,0.02596,Kirovohradska oblast
Культури зернові та зернобобові,Луганська,0.0052,0.0067,0.0018,0.0029,,Ячмінь,0.00415,Luhanska oblast
Культури зернові та зернобобові,Львівська,0.0416,0.0478,0.0416,0.0561,0.046,Ячмінь,0.046619999999999995,Lvivska oblast
Культури зернові та зернобобові,Миколаївська,0.0072,0.0054,0.005,0.0265,0.0108,Ячмінь,0.01098,Mykolaivska oblast
Культури зернові та зернобобові,Одеська,0.0046,0.0027,0.0035,0.0243,0.0126,Ячмінь,0.00954,Odeska oblast
Культури зернові та зернобобові,Полтавська,0.0251,0.0258,0.0241,0.044,0.0342,Ячмінь,0.03064,Poltavska oblast
Культури зернові та зернобобові,Рівненська,0.039,0.0442,0.0443,0.0614,0.0515,Ячмінь,0.04808,Rivnenska oblast
Культури зернові та зернобобові,Сумська,0.0361,0.0388,0.0381,0.0505,0.036,Ячмінь,0.0399,Sumska oblast
Культури зернові та зернобобові,Тернопільська,0.0388,0.0365,0.0362,0.0525,0.046,Ячмінь,0.042,Ternopilska oblast
Культури зернові та зернобобові,Харківська,0.0176,0.0154,0.0111,0.0382,0.0298,Ячмінь,0.022420000000000002,Kharkivska oblast
Культури зернові та зернобобові,Херсонська,0.0146,0.0097,0.0133,0.0218,0.0053,Ячмінь,0.012940000000000002,Khersonska oblast
Культури зернові та зернобобові,Хмельницька,0.0382,0.0393,0.0307,0.0596,0.0404,Ячмінь,0.041639999999999996,Khmelnytska oblast
Культури зернові та зернобобові,Черкаська,0.0318,0.0341,0.0299,0.051,0.0381,Ячмінь,0.03698,Cherkaska oblast
Культури зернові та зернобобові,Чернівецька,0.035,0.0279,0.031,0.0575,0.0478,Ячмінь,0.03984,Chernivetska oblast
Культури зернові та зернобобові,Чернігівська,0.0338,0.0404,0.0481,0.0512,0.0362,Ячмінь,0.04194,Chernihivska oblast
Коренеплоди та бульби їстівні з високим вмістом крохмалю та інуліну,Вінницька,0.0,0.0,0.0,0.0,0.3064,Картопля,0.06128,Vinnytska oblast
Коренеплоди та бульби їстівні з високим вмістом крохмалю та інуліну,Волинська,0.0095,0.0,0.0,0.0,,Картопля,0.002375,Volynska oblast
Коренеплоди та бульби їстівні з високим вмістом крохмалю та інуліну,Дніпропетровська,0.0335,0.0459,0.0332,0.0259,0.0399,Картопля,0.03568,Dnipropetrovska oblast
Коренеплоди та бульби їстівні з високим вмістом крохмалю та інуліну,Донецька,0.0,,0.0,,,Картопля,0.0,Donetska oblast
Коренеплоди та бульби їстівні з високим вмістом крохмалю та інуліну,Житомирська,0.0691,0.0677,0.0684,0.04,0.0522,Картопля,0.05948,Zhytomyrska oblast
Коренеплоди та бульби їстівні з високим вмістом крохмалю та інуліну,Закарпатська,,,,,,Картопля,,Zakarpatska oblast
Коренеплоди та бульби їстівні з високим вмістом крохмалю та інуліну,Запорізька,,,0.0,,,Картопля,0.0,Zaporizka oblast
Коренеплоди та бульби їстівні з високим вмістом крохмалю та інуліну,Івано-Франківська,0.0,0.0,0.0,0.0,0.0,Картопля,0.0,Ivano-Frankivska oblast
Коренеплоди та бульби їстівні з високим вмістом крохмалю та інуліну,Київська,0.0469,0.0396,0.04,0.0259,0.0179,Картопля,0.03406,Kyivska oblast
Коренеплоди та бульби їстівні з високим вмістом крохмалю та інуліну,Кіровоградська,,,,,,Картопля,,Kirovohradska oblast
Коренеплоди та бульби їстівні з високим вмістом крохмалю та інуліну,Луганська,,,,,,Картопля,,Luhanska oblast
Коренеплоди та бульби їстівні з високим вмістом крохмалю та інуліну,Львівська,0.0404,0.0574,0.0634,0.0943,0.0729,Картопля,0.06568,Lvivska oblast
Коренеплоди та бульби їстівні з високим вмістом крохмалю та інуліну,Миколаївська,0.0,0.0,0.0,,,Картопля,0.0,Mykolaivska oblast
Коренеплоди та бульби їстівні з високим вмістом крохмалю та інуліну,Одеська,,0.5063,0.0,0.0,0.0,Картопля,0.126575,Odeska oblast
Коренеплоди та бульби їстівні з високим вмістом крохмалю та інуліну,Полтавська,0.0095,0.0178,0.0259,0.0259,0.0094,Картопля,0.0177,Poltavska oblast
Коренеплоди та бульби їстівні з високим вмістом крохмалю та інуліну,Рівненська,0.0,0.0,0.0,0.0,0.0,Картопля,0.0,Rivnenska oblast
Коренеплоди та бульби їстівні з високим вмістом крохмалю та інуліну,Сумська,,0.6698,,0.6959,0.0,Картопля,0.4552333333333333,Sumska oblast
Коренеплоди та бульби їстівні з високим вмістом крохмалю та інуліну,Тернопільська,0.0095,0.0178,0.0094,0.0259,0.0258,Картопля,0.017679999999999998,Ternopilska oblast
Коренеплоди та бульби їстівні з високим вмістом крохмалю та інуліну,Харківська,,,0.0,,,Картопля,0.0,Kharkivska oblast
Коренеплоди та бульби їстівні з високим вмістом крохмалю та інуліну,Херсонська,0.0262,0.0328,0.0464,,,Картопля,0.03513333333333333,Khersonska oblast
Коренеплоди та бульби їстівні з високим вмістом крохмалю та інуліну,Хмельницька,0.0,0.0,0.0,0.0,0.0,Картопля,0.0,Khmelnytska oblast
Коренеплоди та бульби їстівні з високим вмістом крохмалю та інуліну,Черкаська,0.0262,0.0093,0.018,0.0094,0.0094,Картопля,0.014460000000000004,Cherkaska oblast
Коренеплоди та бульби їстівні з високим вмістом крохмалю та інуліну,Чернівецька,,,,,,Картопля,,Chernivetska oblast
Коренеплоди та бульби їстівні з високим вмістом крохмалю та інуліну,Чернігівська,0.0953,0.0813,0.1208,0.0634,0.0522,Картопля,0.0826,Chernihivska oblast
Коренеплоди та бульби їстівні з високим вмістом крохмалю та інуліну,Вінницька,0.4115,0.4045,0.4906,0.5103,0.4089,Картопля,0.44516,Vinnytska oblast
Коренеплоди та бульби їстівні з високим вмістом крохмалю та інуліну,Волинська,0.6287,0.6567,0.6541,0.6648,,Картопля,0.6510750000000001,Volynska oblast
Коренеплоди та бульби їстівні з високим вмістом крохмалю та інуліну,Дніпропетровська,0.9007,0.9213,0.9171,0.8699,0.8972,Картопля,0.9012399999999999,Dnipropetrovska oblast
Коренеплоди та бульби їстівні з високим вмістом крохмалю та інуліну,Донецька,0.6276,,0.7289,,,Картопля,0.67825,Donetska oblast
Коренеплоди та бульби їстівні з високим вмістом крохмалю та інуліну,Житомирська,0.9292,0.9114,0.9057,0.8862,0.8942,Картопля,0.90534,Zhytomyrska oblast
Коренеплоди та бульби їстівні з високим вмістом крохмалю та інуліну,Закарпатська,,,,,,Картопля,,Zakarpatska oblast
Коренеплоди та бульби їстівні з високим вмістом крохмалю та інуліну,Запорізька,,,0.5023,,,Картопля,0.5023,Zaporizka oblast
Коренеплоди та бульби їстівні з високим вмістом крохмалю та інуліну,Івано-Франківська,0.6519,0.6103,0.639,0.685,0.6429,Картопля,0.64582,Ivano-Frankivska oblast
Коренеплоди та бульби їстівні з високим вмістом крохмалю та інуліну,Київська,0.9206,0.8948,0.9166,0.8618,0.8627,Картопля,0.8913,Kyivska oblast
Коренеплоди та бульби їстівні з високим вмістом крохмалю та інуліну,Кіровоградська,,,,,,Картопля,,Kirovohradska oblast
Коренеплоди та бульби їстівні з високим вмістом крохмалю та інуліну,Луганська,,,,,,Картопля,,Luhanska oblast
Коренеплоди та бульби їстівні з високим вмістом крохмалю та інуліну,Львівська,0.9165,0.9024,0.9743,1.0,1.0,Картопля,0.9586400000000002,Lvivska oblast
Коренеплоди та бульби їстівні з високим вмістом крохмалю та інуліну,Миколаївська,0.7039,0.72,0.7216,,,Картопля,0.7151666666666667,Mykolaivska oblast
Коренеплоди та бульби їстівні з високим вмістом крохмалю та інуліну,Одеська,,0.6112,0.6211,0.6874,0.5736,Картопля,0.623325,Odeska oblast
Коренеплоди та бульби їстівні з високим вмістом крохмалю та інуліну,Полтавська,0.8828,0.8659,0.8593,0.8538,0.8458,Картопля,0.86152,Poltavska oblast
Коренеплоди та бульби їстівні з високим вмістом крохмалю та інуліну,Рівненська,0.5155,0.4382,0.6719,0.6083,0.6281,Картопля,0.5723999999999999,Rivnenska oblast
Коренеплоди та бульби їстівні з високим вмістом крохмалю та інуліну,Сумська,,0.7763,,0.8039,0.7486,Картопля,0.7762666666666668,Sumska oblast
Коренеплоди та бульби їстівні з високим вмістом крохмалю та інуліну,Тернопільська,0.8349,0.6732,0.7053,0.807,0.8752,Картопля,0.77912,Ternopilska oblast
Коренеплоди та бульби їстівні з високим вмістом крохмалю та інуліну,Харківська,,,0.2907,,,Картопля,0.2907,Kharkivska oblast
Коренеплоди та бульби їстівні з високим вмістом крохмалю та інуліну,Херсонська,0.801,0.8614,0.8793,,,Картопля,0.8472333333333334,Khersonska oblast
Коренеплоди та бульби їстівні з високим вмістом крохмалю та інуліну,Хмельницька,0.5729,0.6425,0.7022,0.7119,0.7099,Картопля,0.6678799999999999,Khmelnytska oblast
Коренеплоди та бульби їстівні з високим вмістом крохмалю та інуліну,Черкаська,0.9108,0.7629,0.8341,0.7957,0.7734,Картопля,0.81538,Cherkaska oblast
Коренеплоди та бульби їстівні з високим вмістом крохмалю та інуліну,Чернівецька,,,,,,Картопля,,Chernivetska oblast
Коренеплоди та бульби їстівні з високим вмістом крохмалю та інуліну,Чернігівська,1.0,1.0,1.0,0.9358,0.9282,Картопля,0.9728,Chernihivska oblast
Коренеплоди та бульби їстівні з високим вмістом крохмалю та інуліну,Вінницька,0.4748,0.4623,0.4464,0.55,0.3064,Картопля,0.4479800000000001,Vinnytska oblast
Коренеплоди та бульби їстівні з високим вмістом крохмалю та інуліну,Волинська,0.6166,0.5931,0.6061,0.562,,Картопля,0.5944499999999999,Volynska oblast
Коренеплоди та бульби їстівні з високим вмістом крохмалю та інуліну,Дніпропетровська,0.5776,0.6002,0.5478,0.5709,0.5878,Картопля,0.57686,Dnipropetrovska oblast
Коренеплоди та бульби їстівні з високим вмістом крохмалю та інуліну,Донецька,0.4695,,0.4828,,,Картопля,0.47614999999999996,Donetska oblast
Коренеплоди та бульби їстівні з високим вмістом крохмалю та інуліну,Житомирська,0.6025,0.591,0.6059,0.5694,0.5964,Картопля,0.59304,Zhytomyrska oblast
Коренеплоди та бульби їстівні з високим вмістом крохмалю та інуліну,Закарпатська,,,,,,Картопля,,Zakarpatska oblast
Коренеплоди та бульби їстівні з високим вмістом крохмалю та інуліну,Запорізька,,,0.3938,,,Картопля,0.3938,Zaporizka oblast
Коренеплоди та бульби їстівні з високим вмістом крохмалю та інуліну,Івано-Франківська,0.5115,0.5229,0.5975,0.6208,0.603,Картопля,0.57114,Ivano-Frankivska oblast
Коренеплоди та бульби їстівні з високим вмістом крохмалю та інуліну,Київська,0.6111,0.6078,0.6,0.5871,0.5504,Картопля,0.59128,Kyivska oblast
Коренеплоди та бульби їстівні з високим вмістом крохмалю та інуліну,Кіровоградська,,,,,,Картопля,,Kirovohradska oblast
Коренеплоди та бульби їстівні з високим вмістом крохмалю та інуліну,Луганська,,,,,,Картопля,,Luhanska oblast
Коренеплоди та бульби їстівні з високим вмістом крохмалю та інуліну,Львівська,0.5785,0.5859,0.6013,0.6104,0.5776,Картопля,0.59074,Lvivska oblast
Коренеплоди та бульби їстівні з високим вмістом крохмалю та інуліну,Миколаївська,0.4913,0.5555,0.5402,,,Картопля,0.529,Mykolaivska oblast
Коренеплоди та бульби їстівні з високим вмістом крохмалю та інуліну,Одеська,,0.5063,0.3956,0.5583,0.4435,Картопля,0.475925,Odeska oblast
Коренеплоди та бульби їстівні з високим вмістом крохмалю та інуліну,Полтавська,0.5703,0.5746,0.557,0.5646,0.5132,Картопля,0.55594,Poltavska oblast
Коренеплоди та бульби їстівні з високим вмістом крохмалю та інуліну,Рівненська,0.4453,0.5374,0.589,0.412,0.3674,Картопля,0.47021999999999997,Rivnenska oblast
Коренеплоди та бульби їстівні з високим вмістом крохмалю та інуліну,Сумська,,0.6698,,0.6959,0.5158,Картопля,0.6271666666666667,Sumska oblast
Коренеплоди та бульби їстівні з високим вмістом крохмалю та інуліну,Тернопільська,0.4731,0.5362,0.5053,0.5733,0.5646,Картопля,0.5305000000000001,Ternopilska oblast
Коренеплоди та бульби їстівні з високим вмістом крохмалю та інуліну,Харківська,,,0.2737,,,Картопля,0.2737,Kharkivska oblast
Коренеплоди та бульби їстівні з високим вмістом крохмалю та інуліну,Херсонська,0.5544,0.5727,0.6208,,,Картопля,0.5826333333333333,Khersonska oblast
Коренеплоди та бульби їстівні з високим вмістом крохмалю та інуліну,Хмельницька,0.554,0.5252,0.5283,0.4863,0.5482,Картопля,0.5284000000000001,Khmelnytska oblast
Коренеплоди та бульби їстівні з високим вмістом крохмалю та інуліну,Черкаська,0.5703,0.5014,0.5811,0.5372,0.5404,Картопля,0.54608,Cherkaska oblast
Коренеплоди та бульби їстівні з високим вмістом крохмалю та інуліну,Чернівецька,,,,,,Картопля,,Chernivetska oblast
Коренеплоди та бульби їстівні з високим вмістом крохмалю та інуліну,Чернігівська,0.6212,0.5664,0.6231,0.559,0.5627,Картопля,0.58648,Chernihivska oblast
Коренеплоди та бульби їстівні з високим вмістом крохмалю та інуліну,Вінницька,0.4814,0.4858,0.4906,0.6345,0.3064,Картопля,0.47973999999999994,Vinnytska oblast
Коренеплоди та бульби їстівні з високим вмістом крохмалю та інуліну,Волинська,0.618,0.5964,0.6111,0.5901,,Картопля,0.6039,Volynska oblast
Коренеплоди та бульби їстівні з високим вмістом крохмалю та інуліну,Дніпропетровська,0.5868,0.6027,0.5508,0.5733,0.5929,Картопля,0.5813,Dnipropetrovska oblast
Коренеплоди та бульби їстівні з високим вмістом крохмалю та інуліну,Донецька,0.4806,,0.4828,,,Картопля,0.4817,Donetska oblast
Коренеплоди та бульби їстівні з високим вмістом крохмалю та інуліну,Житомирська,0.6032,0.5966,0.6117,0.5788,0.5973,Картопля,0.59752,Zhytomyrska oblast
Коренеплоди та бульби їстівні з високим вмістом крохмалю та інуліну,Закарпатська,,,,,,Картопля,,Zakarpatska oblast
Коренеплоди та бульби їстівні з високим вмістом крохмалю та інуліну,Запорізька,,,0.4992,,,Картопля,0.4992,Zaporizka oblast
Коренеплоди та бульби їстівні з високим вмістом крохмалю та інуліну,Івано-Франківська,0.5126,0.5229,0.5995,0.6208,0.6133,Картопля,0.5738199999999999,Ivano-Frankivska oblast
Коренеплоди та бульби їстівні з високим вмістом крохмалю та інуліну,Київська,0.617,0.6103,0.6016,0.5957,0.564,Картопля,0.59772,Kyivska oblast
Коренеплоди та бульби їстівні з високим вмістом крохмалю та інуліну,Кіровоградська,,,,,,Картопля,,Kirovohradska oblast
Коренеплоди та бульби їстівні з високим вмістом крохмалю та інуліну,Луганська,,,,,,Картопля,,Luhanska oblast
Коренеплоди та бульби їстівні з високим вмістом крохмалю та інуліну,Львівська,0.5794,0.5859,0.6022,0.6108,0.5821,Картопля,0.59208,Lvivska oblast
Коренеплоди та бульби їстівні з високим вмістом крохмалю та інуліну,Миколаївська,0.4822,0.5374,0.5415,,,Картопля,0.5203666666666668,Mykolaivska oblast
Коренеплоди та бульби їстівні з високим вмістом крохмалю та інуліну,Одеська,,0.5063,0.4042,0.5753,0.4647,Картопля,0.487625,Odeska oblast
Коренеплоди та бульби їстівні з високим вмістом крохмалю та інуліну,Полтавська,0.577,0.5783,0.5892,0.5896,0.5474,Картопля,0.5763,Poltavska oblast
Коренеплоди та бульби їстівні з високим вмістом крохмалю та інуліну,Рівненська,0.4464,0.5476,0.5991,0.4474,0.3764,Картопля,0.4833799999999999,Rivnenska oblast
Коренеплоди та бульби їстівні з високим вмістом крохмалю та інуліну,Сумська,,0.6698,,0.6959,0.5169,Картопля,0.6275333333333334,Sumska oblast
Коренеплоди та бульби їстівні з високим вмістом крохмалю та інуліну,Тернопільська,0.4756,0.5362,0.5427,0.5736,0.5668,Картопля,0.5389799999999999,Ternopilska oblast
Коренеплоди та бульби їстівні з високим вмістом крохмалю та інуліну,Харківська,,,0.4166,,,Картопля,0.4166,Kharkivska oblast
Коренеплоди та бульби їстівні з високим вмістом крохмалю та інуліну,Херсонська,0.5555,0.5713,0.6218,,,Картопля,0.5828666666666668,Khersonska oblast
Коренеплоди та бульби їстівні з високим вмістом крохмалю та інуліну,Хмельницька,0.5618,0.5417,0.5342,0.5249,0.5522,Картопля,0.54296,Khmelnytska oblast
Коренеплоди та бульби їстівні з високим вмістом крохмалю та інуліну,Черкаська,0.6132,0.5637,0.5825,0.5389,0.542,Картопля,0.56806,Cherkaska oblast
Коренеплоди та бульби їстівні з високим вмістом крохмалю та інуліну,Чернівецька,,,,,,Картопля,,Chernivetska oblast
Коренеплоди та бульби їстівні з високим вмістом крохмалю та інуліну,Чернігівська,0.6284,0.5738,0.631,0.573,0.5686,Картопля,0.59496,Chernihivska oblast
Коренеплоди та бульби їстівні з високим вмістом крохмалю та інуліну,Вінницька,0.0787,0.0581,0.0789,0.0691,0.0516,Картопля,0.06727999999999999,Vinnytska oblast
Коренеплоди та бульби їстівні з високим вмістом крохмалю та інуліну,Волинська,0.1628,0.1677,0.1517,0.156,,Картопля,0.15955,Volynska oblast
Коренеплоди та бульби їстівні з високим вмістом крохмалю та інуліну,Дніпропетровська,0.2136,0.2208,0.1833,0.2017,0.2114,Картопля,0.20615999999999998,Dnipropetrovska oblast
Коренеплоди та бульби їстівні з високим вмістом крохмалю та інуліну,Донецька,0.1298,,0.2424,,,Картопля,0.1861,Donetska oblast
Коренеплоди та бульби їстівні з високим вмістом крохмалю та інуліну,Житомирська,0.1703,0.1779,0.171,0.1711,0.1918,Картопля,0.17642,Zhytomyrska oblast
Коренеплоди та бульби їстівні з високим вмістом крохмалю та інуліну,Закарпатська,,,,,,Картопля,,Zakarpatska oblast
Коренеплоди та бульби їстівні з високим вмістом крохмалю та інуліну,Запорізька,,,0.168,,,Картопля,0.168,Zaporizka oblast
Коренеплоди та бульби їстівні з високим вмістом крохмалю та інуліну,Івано-Франківська,0.2077,0.1801,0.2046,0.2162,0.203,Картопля,0.20232,Ivano-Frankivska oblast
Коренеплоди та бульби їстівні з високим вмістом крохмалю та інуліну,Київська,0.2184,0.2251,0.2284,0.2107,0.2262,Картопля,0.22176,Kyivska oblast
Коренеплоди та бульби їстівні з високим вмістом крохмалю та інуліну,Кіровоградська,,,,,,Картопля,,Kirovohradska oblast
Коренеплоди та бульби їстівні з високим вмістом крохмалю та інуліну,Луганська,,,,,,Картопля,,Luhanska oblast
Коренеплоди та бульби їстівні з високим вмістом крохмалю та інуліну,Львівська,0.2027,0.1889,0.2312,0.2114,0.2182,Картопля,0.21048,Lvivska oblast
Коренеплоди та бульби їстівні з високим вмістом крохмалю та інуліну,Миколаївська,0.2227,0.2592,0.2152,,,Картопля,0.2323666666666667,Mykolaivska oblast
Коренеплоди та бульби їстівні з високим вмістом крохмалю та інуліну,Одеська,,0.1762,0.1558,0.2205,0.1404,Картопля,0.173225,Odeska oblast
Коренеплоди та бульби їстівні з високим вмістом крохмалю та інуліну,Полтавська,0.2722,0.258,0.2312,0.234,0.2214,Картопля,0.24335999999999997,Poltavska oblast
Коренеплоди та бульби їстівні з високим вмістом крохмалю та інуліну,Рівненська,0.1097,0.064,0.1903,0.1262,0.1817,Картопля,0.13438,Rivnenska oblast
Коренеплоди та бульби їстівні з високим вмістом крохмалю та інуліну,Сумська,,0.2294,,0.2082,0.1869,Картопля,0.2081666666666667,Sumska oblast
Коренеплоди та бульби їстівні з високим вмістом крохмалю та інуліну,Тернопільська,0.1524,0.0606,0.0926,0.1862,0.2161,Картопля,0.14157999999999998,Ternopilska oblast
Коренеплоди та бульби їстівні з високим вмістом крохмалю та інуліну,Харківська,,,0.0199,,,Картопля,0.0199,Kharkivska oblast
Коренеплоди та бульби їстівні з високим вмістом крохмалю та інуліну,Херсонська,0.1458,0.206,0.1993,,,Картопля,0.1837,Khersonska oblast
Коренеплоди та бульби їстівні з високим вмістом крохмалю та інуліну,Хмельницька,0.1445,0.1775,0.2014,0.1742,0.2131,Картопля,0.18214000000000002,Khmelnytska oblast
Коренеплоди та бульби їстівні з високим вмістом крохмалю та інуліну,Черкаська,0.2392,0.152,0.217,0.1835,0.1855,Картопля,0.19544,Cherkaska oblast
Коренеплоди та бульби їстівні з високим вмістом крохмалю та інуліну,Чернівецька,,,,,,Картопля,,Chernivetska oblast
Коренеплоди та бульби їстівні з високим вмістом крохмалю та інуліну,Чернігівська,0.2071,0.204,0.1871,0.1599,0.1742,Картопля,0.18646000000000001,Chernihivska oblast
Коренеплоди та бульби їстівні з високим вмістом крохмалю та інуліну,Вінницька,0.0848,0.0622,0.1047,0.1085,0.0681,Картопля,0.08565999999999999,Vinnytska oblast
Коренеплоди та бульби їстівні з високим вмістом крохмалю та інуліну,Волинська,0.1653,0.1823,0.1556,0.1621,,Картопля,0.166325,Volynska oblast
Коренеплоди та бульби їстівні з високим вмістом крохмалю та інуліну,Дніпропетровська,0.2241,0.2235,0.1863,0.2046,0.215,Картопля,0.21070000000000003,Dnipropetrovska oblast
Коренеплоди та бульби їстівні з високим вмістом крохмалю та інуліну,Донецька,0.1371,,0.2424,,,Картопля,0.18975,Donetska oblast
Коренеплоди та бульби їстівні з високим вмістом крохмалю та інуліну,Житомирська,0.1712,0.1827,0.1752,0.1784,0.1924,Картопля,0.17998,Zhytomyrska oblast
Коренеплоди та бульби їстівні з високим вмістом крохмалю та інуліну,Закарпатська,,,,,,Картопля,,Zakarpatska oblast
Коренеплоди та бульби їстівні з високим вмістом крохмалю та інуліну,Запорізька,,,0.1727,,,Картопля,0.1727,Zaporizka oblast
Коренеплоди та бульби їстівні з високим вмістом крохмалю та інуліну,Івано-Франківська,0.2086,0.1801,0.2065,0.2162,0.203,Картопля,0.20288000000000003,Ivano-Frankivska oblast
Коренеплоди та бульби їстівні з високим вмістом крохмалю та інуліну,Київська,0.2231,0.227,0.2292,0.2174,0.2365,Картопля,0.22664,Kyivska oblast
Коренеплоди та бульби їстівні з високим вмістом крохмалю та інуліну,Кіровоградська,,,,,,Картопля,,Kirovohradska oblast
Коренеплоди та бульби їстівні з високим вмістом крохмалю та інуліну,Луганська,,,,,,Картопля,,Luhanska oblast
Коренеплоди та бульби їстівні з високим вмістом крохмалю та інуліну,Львівська,0.2052,0.1887,0.232,0.2118,0.2205,Картопля,0.21164,Lvivska oblast
Коренеплоди та бульби їстівні з високим вмістом крохмалю та інуліну,Миколаївська,0.2139,0.248,0.2136,,,Картопля,0.22516666666666665,Mykolaivska oblast
Коренеплоди та бульби їстівні з високим вмістом крохмалю та інуліну,Одеська,,0.182,0.1627,0.2316,0.1766,Картопля,0.188225,Odeska oblast
Коренеплоди та бульби їстівні з високим вмістом крохмалю та інуліну,Полтавська,0.2751,0.2634,0.2595,0.2567,0.2492,Картопля,0.26078,Poltavska oblast
Коренеплоди та бульби їстівні з високим вмістом крохмалю та інуліну,Рівненська,0.1164,0.0748,0.1973,0.1418,0.1896,Картопля,0.14398,Rivnenska oblast
Коренеплоди та бульби їстівні з високим вмістом крохмалю та інуліну,Сумська,,0.2297,,0.2085,0.1871,Картопля,0.20843333333333333,Sumska oblast
Коренеплоди та бульби їстівні з високим вмістом крохмалю та інуліну,Тернопільська,0.1526,0.1011,0.1146,0.1872,0.2185,Картопля,0.1548,Ternopilska oblast
Коренеплоди та бульби їстівні з високим вмістом крохмалю та інуліну,Харківська,,,0.0671,,,Картопля,0.0671,Kharkivska oblast
Коренеплоди та бульби їстівні з високим вмістом крохмалю та інуліну,Херсонська,0.161,0.2066,0.2043,,,Картопля,0.19063333333333335,Khersonska oblast
Коренеплоди та бульби їстівні з високим вмістом крохмалю та інуліну,Хмельницька,0.1506,0.1814,0.2062,0.1943,0.2149,Картопля,0.18948,Khmelnytska oblast
Коренеплоди та бульби їстівні з високим вмістом крохмалю та інуліну,Черкаська,0.2398,0.2058,0.219,0.1854,0.1872,Картопля,0.20743999999999999,Cherkaska oblast
Коренеплоди та бульби їстівні з високим вмістом крохмалю та інуліну,Чернівецька,,,,,,Картопля,,Chernivetska oblast
Коренеплоди та бульби їстівні з високим вмістом крохмалю та інуліну,Чернігівська,0.2138,0.2093,0.1947,0.1692,0.1756,Картопля,0.19252,Chernihivska oblast
